Date,AAPL,AMZN,HD,TIF,WMT
2014-09-17,101.5800018,324.0,91.22000122,100.23000340000002,76.23999786
2014-09-18,101.7900009,325.0,92.08999634,99.98999786,76.22000122
2014-09-19,100.9599991,331.3200073000001,92.33999634,99.55000305,76.83999634
2014-09-22,101.0599976,324.5,91.88999939,97.01999664,76.30999756
2014-09-23,102.6399994,323.6300049,91.48999786,95.98999786,75.59999847
2014-09-24,101.75,328.2099915,93.01999664,98.5,77.08000183
2014-09-25,97.87000275,321.9299927,91.90000153,97.48999786,76.12000275
2014-09-26,100.75,323.2099915,92.83999634,98.13999939,76.48999786
2014-09-29,100.1100006,321.8200073000001,92.87999725,97.36000061,76.08000183
2014-09-30,100.75,322.4400024,91.73999786,96.30999756,76.47000122
2014-10-01,99.18000031,317.4599915,91.01999664,94.33000183,76.12000275
2014-10-02,99.90000153,318.4100037,92.23999786,95.05000305,76.23000336
2014-10-03,99.62000275,322.7399902,93.54000092,95.15000153,77.31999969
2014-10-06,99.62000275,322.2000122,93.26000214,95.15000153,77.34999847
2014-10-07,98.75,316.980011,92.47000122,93.58999634,77.30000305
2014-10-08,100.8000031,322.7000122,94.08999634,94.98999786,78.23999786
2014-10-09,101.01999659999998,315.3699951000001,93.06999969,92.62999725,77.86000061
2014-10-10,100.73000340000002,311.3900146000001,92.55000305,91.48999786,78.29000092
2014-10-13,99.80999756,306.4500122,90.59999847,89.20999908,77.55999756
2014-10-14,98.75,308.3099976000001,90.09999847,88.86000061,77.98000336
2014-10-15,97.54000092,305.9700012,87.84999847,87.76999664,75.19999695
2014-10-16,96.26000214,302.8599854,88.87999725,90.72000122,73.81999969
2014-10-17,97.66999817,303.6400146000001,90.23999786,88.83999634,74.09999847
2014-10-20,99.76000214,306.2099915,91.84999847,91.02999878,75.13999939
2014-10-21,102.4700012,315.3299866000001,94.19999695,93.20999908,76.01999664
2014-10-22,102.9899979,312.9700012,93.33999634,93.0,76.02999878
2014-10-23,104.8300018,313.1799927,94.80000305,94.40000153,76.25
2014-10-24,105.2200012,287.0599976000001,94.98999786,94.44000244,76.37999725
2014-10-27,105.1100006,289.9700012,95.47000122,94.43000031,76.58999634
2014-10-28,106.7399979,295.5899963,96.58999634,94.73999786,76.34999847
2014-10-29,107.3399963,294.1199951000001,96.41999817,94.76000214,76.38999939
2014-10-30,106.9800034,299.0700073000001,97.51999664,95.26000214,76.44999695
2014-10-31,108.0,305.4599915,97.51999664,96.12000275,76.26999664
2014-11-03,109.4000015,305.7200012,96.08999634,96.33999634,76.27999878
2014-11-04,108.5999985,302.8099976000001,95.95999908,94.33999634,77.26000214
2014-11-05,108.8600006,296.519989,95.77999878,95.72000122,77.69999695
2014-11-06,108.6999969,296.6400146000001,97.29000092,98.0,77.80999756
2014-11-07,109.0100021,299.8599854,97.65000153,98.86000061,78.76999664
2014-11-10,108.8300018,305.1099854,98.16000366,99.58000183,79.44000244
2014-11-11,109.6999969,312.0100098000001,98.13999939,99.94000244,79.01000214
2014-11-12,111.25,311.5100098000001,98.48999786,102.8899994,79.19999695
2014-11-13,112.8199997,316.480011,99.0,103.3099976,82.94000244
2014-11-14,114.1800003,327.8200073000001,98.23999786,102.3899994,82.95999908
2014-11-17,113.9899979,323.0499878,98.02999878,101.7799988,83.56999969
2014-11-18,115.4700012,324.9299927,95.98000336,102.01999659999998,83.79000092
2014-11-19,114.6699982,326.5400085,96.69999695,102.6900024,84.98999786
2014-11-20,116.3099976,330.5400085,97.56999969,104.2799988,84.58000183
2014-11-21,116.4700012,332.6300049,98.27999878,103.9100037,84.65000153
2014-11-24,118.6299973,335.6400146000001,98.40000153,105.0100021,85.40000153
2014-11-25,117.5999985,335.0400085,97.01000214,107.5999985,84.94999695
2014-11-26,119.0,333.5700073000001,97.69999695,106.2099991,84.98000336
2014-11-28,118.9300003,338.6400146000001,99.40000153,107.9199982,87.54000092
2014-12-01,115.0699997,326.0,98.87999725,106.8000031,86.22000122
2014-12-02,114.6299973,326.3099976000001,98.16000366,107.4000015,86.40000153
2014-12-03,115.9300003,316.5,98.58999634,107.1900024,84.94000244
2014-12-04,115.4899979,316.9299927,98.94999695,107.3300018,84.76000214
2014-12-05,115.0,312.6300049,99.63999939,107.4599991,84.12000275
2014-12-08,112.4000015,306.6400146000001,100.4300003,106.3000031,84.23000336
2014-12-09,114.1200027,312.5,99.63999939,106.2099991,83.55999756
2014-12-10,111.9499969,305.8399963,98.94000244,103.9199982,82.98000336
2014-12-11,111.6200027,307.3599854,100.26999659999998,104.7099991,83.83000183
2014-12-12,109.7300034,307.3200073000001,99.77999878,104.0699997,83.80999756
2014-12-15,108.2300034,306.0700073000001,100.0500031,104.1299973,83.94000244
2014-12-16,106.75,295.0599976000001,97.05999756,101.8300018,82.95999908
2014-12-17,109.4100037,298.8800049,98.94000244,104.1900024,84.23000336
2014-12-18,112.6500015,297.730011,100.6699982,103.6200027,85.94000244
2014-12-19,111.7799988,299.8999939,101.9300003,103.5699997,85.16000366
2014-12-22,112.9400024,306.5400085,103.5,103.9000015,86.37999725
2014-12-23,112.5400009,306.2900085,103.7600021,106.9899979,86.66000366
2014-12-24,112.0100021,303.0299988,103.5599976,107.2699966,86.43000031
2014-12-26,113.9899979,309.0899963,103.75,107.5699997,86.91000366
2014-12-29,113.9100037,312.0400085,104.5299988,108.6699982,86.63999939
2014-12-30,112.5199966,310.2999878,104.26999659999998,107.4199982,86.79000092
2014-12-31,110.3799973,310.3500061000001,104.9700012,106.8600006,85.87999725
2015-01-02,109.3300018,308.519989,103.4300003,105.5,85.90000153
2015-01-05,106.25,302.1900024,101.2600021,103.75,85.65000153
2015-01-06,106.2600021,295.2900085,100.9499969,102.1699982,86.30999756
2015-01-07,107.75,298.4200134,104.4100037,105.1800003,88.59999847
2015-01-08,111.8899994,300.4599915,106.7200012,105.1399994,90.47000122
2015-01-09,112.0100021,296.9299927,104.8899994,103.4499969,89.34999847
2015-01-12,109.25,291.4100037,104.4199982,89.01000214,90.01999664
2015-01-13,110.2200012,294.7399902,103.73000340000002,86.30000305,89.30999756
2015-01-14,109.8000031,293.269989,102.6399994,86.73999786,86.61000061
2015-01-15,106.8199997,286.9500122,101.0100021,85.69999695,87.37999725
2015-01-16,105.9899979,290.7399902,104.1200027,88.40000153,86.76999664
2015-01-20,108.7200012,289.4400024,103.25,89.94000244,86.69000244
2015-01-21,109.5500031,297.25,103.5299988,89.98000336,86.63999939
2015-01-22,112.4000015,310.3200073000001,106.0699997,90.97000122,88.30000305
2015-01-23,112.9800034,312.3900146000001,105.3700027,91.08000183,88.51000214
2015-01-26,113.0999985,309.6600037,106.3600006,91.05000305,88.62999725
2015-01-27,109.1399994,306.75,105.1600037,90.29000092,87.52999878
2015-01-28,115.3099976,303.9100037,104.7399979,88.69000244,86.81999969
2015-01-29,118.9000015,311.7799988,107.6200027,89.11000061,87.72000122
2015-01-30,117.1600037,354.5299988,104.4199982,86.63999939,84.98000336
2015-02-02,118.6299973,364.4700012,104.4300003,87.12000275,85.70999908
2015-02-03,118.6500015,363.5499878,107.2399979,90.0,86.19000244
2015-02-04,119.5599976,364.75,108.4100037,88.41999817,86.65000153
2015-02-05,119.9400024,373.8900146,108.9899979,87.98000336,87.27999878
2015-02-06,118.9300003,374.2799988,109.0400009,86.62000275,87.33000183
2015-02-09,119.7200012,370.5599976,108.3399963,87.62999725,85.91000366
2015-02-10,122.0199966,373.0,110.6699982,89.66999817,87.29000092
2015-02-11,124.8799973,375.1400146,110.3099976,87.69000244,86.33999634
2015-02-12,126.4599991,377.1700134,112.1600037,88.09999847,85.88999939
2015-02-13,127.0800018,381.8299866,111.8899994,89.05000305,85.80999756
2015-02-17,127.8300018,375.4299927,112.0,89.34999847,85.95999908
2015-02-18,128.7200012,373.3699951,111.9899979,89.30000305,86.29000092
2015-02-19,128.4499969,379.0,110.9400024,88.65000153,83.51999664
2015-02-20,129.5,383.6600037,112.2399979,90.19999695,84.30000305
2015-02-23,133.0,380.1400146,112.2799988,89.98999786,84.59999847
2015-02-24,132.1699982,378.5899963,116.75,89.51999664,84.56999969
2015-02-25,128.7899933,385.3699951,116.3099976,89.76000214,83.56999969
2015-02-26,130.4199982,384.7999878,115.3799973,88.69999695,83.80000305
2015-02-27,128.4600067,380.1600037,114.75,88.22000122,83.93000031
2015-03-02,129.0899963,385.6600037,116.1200027,90.59999847,83.95999908
2015-03-03,129.3600006,384.6099854,116.0699997,88.94000244,83.37000275
2015-03-04,128.5399933,382.7200012,114.7600021,86.79000092,82.58000183
2015-03-05,126.4100037,387.8299866,115.9100037,86.98000336,83.56999969
2015-03-06,126.5999985,380.0899963,114.4499969,85.16999817,82.58999634
2015-03-09,127.1399994,378.5599976,115.25,84.41000366,82.87999725
2015-03-10,124.5100021,369.5100098,112.5599976,83.44000244,82.06999969
2015-03-11,122.2399979,366.3699951,113.0699997,84.19999695,80.69000244
2015-03-12,124.4499969,374.2399902,116.0999985,86.30000305,81.90000153
2015-03-13,123.5899963,370.5799866,114.8199997,85.79000092,81.90000153
2015-03-16,124.9499969,373.3500061,116.5,85.76999664,83.29000092
2015-03-17,127.0400009,371.9200134,115.5800018,84.98000336,82.62000275
2015-03-18,128.4700012,375.1400146,116.0800018,85.44999695,82.52999878
2015-03-19,127.5,373.2399902,115.1600037,86.37000275,81.51999664
2015-03-20,125.9000015,378.4899902,117.4899979,82.93000031,83.23999786
2015-03-23,127.2099991,375.1099854,116.0699997,87.73999786,83.30999756
2015-03-24,126.6900024,374.0899963,116.1500015,88.05000305,83.05000305
2015-03-25,123.3799973,370.9599915,113.6800003,88.05999756,81.31999969
2015-03-26,124.2399979,367.3500061,112.3700027,86.29000092,81.88999939
2015-03-27,123.25,370.5599976,113.8600006,86.48000336,81.34999847
2015-03-30,126.3700027,374.5899963,114.6299973,88.58999634,82.52999878
2015-03-31,124.4300003,372.1000061,113.6100006,88.01000214,82.25
2015-04-01,124.25,370.2600098,113.1299973,86.12999725,80.70999908
2015-04-02,125.3199997,372.25,114.5400009,86.80999756,80.73000336
2015-04-06,127.3499985,377.0400085,114.9499969,88.45999908,80.98999786
2015-04-07,126.0100021,374.4100037,114.3000031,88.01999664,80.5
2015-04-08,125.5999985,381.2000122,115.5899963,89.41000366,81.02999878
2015-04-09,126.5599976,383.5400085,114.5699997,89.27999878,80.83999634
2015-04-10,127.0999985,382.6499939,115.2399979,89.44999695,80.65000153
2015-04-13,126.8499985,382.3599854,114.4400024,89.08000183,80.29000092
2015-04-14,126.3000031,385.1099854,114.0500031,87.40000153,80.15000153
2015-04-15,126.7799988,383.4500122,113.4499969,87.41999817,79.73999786
2015-04-16,126.1699982,386.0400085,113.3700027,85.73999786,79.23999786
2015-04-17,124.75,375.5599976,112.0999985,84.58999634,77.87999725
2015-04-20,127.5999985,389.5100098,112.8600006,84.87000275,78.13999939
2015-04-21,126.9100037,391.1799927,113.1699982,84.15000153,78.02999878
2015-04-22,128.61999509999998,389.7999878,112.9899979,85.09999847,78.43000031
2015-04-23,129.6699982,389.9899902,113.9599991,86.51000214,79.18000031
2015-04-24,130.2799988,445.10000610000014,113.6999969,87.12000275,79.83999634
2015-04-27,132.6499939,438.5599976,111.3899994,85.97000122,79.37000275
2015-04-28,130.5599976,429.3099976,110.5800018,86.41999817,79.09999847
2015-04-29,128.6399994,429.3699951,108.7099991,86.94000244,77.87999725
2015-04-30,125.1500015,421.7799988,106.9800034,87.48000336,78.05000305
2015-05-01,128.9499969,422.8699951,109.5500031,89.16999817,78.59999847
2015-05-04,128.6999969,423.0400085,110.0599976,88.80000305,79.18000031
2015-05-05,125.8000031,421.1900024,108.0599976,88.80999756,78.12999725
2015-05-06,125.0100021,419.1000061,108.3099976,86.98000336,77.65000153
2015-05-07,125.2600021,426.8800049,110.0400009,87.98000336,78.02999878
2015-05-08,127.6200027,433.6900024,112.4700012,88.65000153,78.52999878
2015-05-11,126.3199997,432.85000610000014,111.9000015,87.47000122,78.09999847
2015-05-12,125.8700027,431.019989,112.5199966,88.01999664,78.95999908
2015-05-13,126.0100021,426.8699951,111.1900024,86.93000031,78.16000366
2015-05-14,128.9499969,432.2799988,111.9400024,85.54000092,78.72000122
2015-05-15,128.7700043,426.0,113.3499985,86.51999664,79.23999786
2015-05-18,130.1900024,425.2399902,114.3300018,86.63999939,79.91999817
2015-05-19,130.0700073,421.7099915,112.3399963,86.41000366,76.43000031
2015-05-20,130.0599976,423.85998539999986,112.0999985,86.41000366,75.90000153
2015-05-21,131.3899994,431.6300049,112.0100021,86.90000153,76.11000061
2015-05-22,132.5399933,427.6300049,112.1600037,86.91000366,75.86000061
2015-05-26,129.61999509999998,425.4700012,110.9300003,85.52999878,74.90000153
2015-05-27,132.0399933,431.4200134,112.1600037,94.54000092,75.19000244
2015-05-28,131.7799988,426.5700073,112.1900024,94.62999725,74.83999634
2015-05-29,130.2799988,429.2300110000001,111.4199982,93.73000336,74.26999664
2015-06-01,130.5399933,430.9200134,111.6699982,93.77999878,74.73000336
2015-06-02,129.9600067,430.9899902,111.5899963,94.01999664,74.52999878
2015-06-03,130.11999509999998,436.58999630000005,113.1600037,93.91999817,74.88999939
2015-06-04,129.3600006,430.7799988,111.4599991,92.86000061,74.15000153
2015-06-05,128.6499939,426.9500122,110.3700027,92.87000275,73.05999756
2015-06-08,127.8000031,423.5,109.9300003,92.19000244,72.61000061
2015-06-09,127.4199982,425.4800110000001,109.5299988,92.06999969,72.47000122
2015-06-10,128.88000490000002,430.769989,110.9800034,93.11000061,72.93000031
2015-06-11,128.5899963,432.9700012,111.2900009,92.84999847,72.94000244
2015-06-12,127.1699982,429.9200134,110.5999985,92.08000183,72.43000031
2015-06-15,126.9199982,423.6700134,110.0100021,91.66000366,71.93000031
2015-06-16,127.5999985,427.2600098,110.2300034,92.16000366,72.34999847
2015-06-17,127.3000031,427.8099976,110.4700012,92.58999634,72.73000336
2015-06-18,127.8799973,439.39001460000014,111.8499985,93.15000153,72.98000336
2015-06-19,126.5999985,434.9200134,112.4300003,92.47000122,72.73999786
2015-06-22,127.6100006,436.2900085,113.0699997,93.26000214,72.79000092
2015-06-23,127.0299988,445.9899902,113.1800003,94.15000153,72.56999969
2015-06-24,128.1100006,440.83999630000005,112.3499985,93.51999664,72.37999725
2015-06-25,127.5,440.10000610000014,112.2399979,93.54000092,71.86000061
2015-06-26,126.75,438.10000610000014,112.5999985,94.23999786,72.12000275
2015-06-29,124.5299988,429.85998539999986,110.5400009,91.13999939,71.41999817
2015-06-30,125.4300003,434.08999630000005,111.1299973,91.80000305,70.93000031
2015-07-01,126.5999985,437.39001460000014,112.0699997,93.76999664,71.87999725
2015-07-02,126.4400024,437.7099915,111.4899979,94.01999664,71.86000061
2015-07-06,126.0,436.0400085,111.3199997,92.91000366,72.52999878
2015-07-07,125.6900024,436.7200012,112.4000015,94.5,73.79000092
2015-07-08,122.5699997,429.7000122,111.0,90.25,73.05999756
2015-07-09,120.0699997,434.39001460000014,111.3799973,91.02999878,72.77999878
2015-07-10,123.2799988,443.5100098,113.0999985,91.94999695,73.12000275
2015-07-13,125.6600037,455.5700073,114.9000015,93.27999878,73.87999725
2015-07-14,125.6100006,465.5700073,115.3600006,93.33000183,73.79000092
2015-07-15,126.8199997,461.1900024,115.5800018,93.68000031,73.65000153
2015-07-16,128.5099945,475.4800110000001,114.7300034,93.98999786,73.83000183
2015-07-17,129.61999509999998,483.0100098,114.4700012,92.87999725,73.38999939
2015-07-20,132.0700073,488.10000610000014,113.4100037,94.0,73.09999847
2015-07-21,130.75,488.0,113.8600006,93.90000153,72.73999786
2015-07-22,125.2200012,488.269989,114.9000015,94.76000214,73.16000366
2015-07-23,125.1600037,482.1799927,114.5899963,95.23999786,72.51000214
2015-07-24,124.5,529.4199829,113.5899963,93.23999786,71.58000183
2015-07-27,122.7699966,531.4099731000001,113.0699997,90.81999969,71.37999725
2015-07-28,123.3799973,526.0300293,114.8399963,91.98999786,72.09999847
2015-07-29,122.9899979,529.0,116.3700027,94.37999725,72.23000336
2015-07-30,122.3700027,536.7600098,116.4599991,95.0,72.16000366
2015-07-31,121.3000031,536.1500244,117.0299988,95.69999695,71.98000336
2015-08-03,118.4400024,535.0300293,116.8899994,94.01999664,72.18000031
2015-08-04,114.6399994,531.9000244,117.5299988,94.79000092,72.25
2015-08-05,115.4000015,537.0100097999998,118.0,94.81999969,73.51000214
2015-08-06,115.1299973,529.460022,116.5599976,93.26000214,72.79000092
2015-08-07,115.5199966,522.6199951,116.9300003,93.37000275,71.25
2015-08-10,119.7200012,524.0,117.5999985,95.61000061,71.48000336
2015-08-11,113.4899979,527.460022,117.6900024,93.59999847,71.93000031
2015-08-12,115.2399979,525.9099731000001,117.6900024,89.75,72.58000183
2015-08-13,115.1500015,529.6599731000001,119.0199966,90.12999725,72.11000061
2015-08-14,115.9599991,531.5200195,119.75,90.33000183,72.37999725
2015-08-17,117.1600037,535.2199707,119.6999969,90.97000122,71.91000366
2015-08-18,116.5,535.0200195,122.8000031,91.55000305,69.48000336
2015-08-19,115.0100021,532.9199829,122.7600021,91.29000092,68.56999969
2015-08-20,112.6500015,515.7800293,120.5400009,88.98999786,68.43000031
2015-08-21,105.7600021,494.4700012,116.1600037,85.88999939,66.54000092
2015-08-24,103.1200027,463.3699951,112.5400009,82.98999786,63.95000076
2015-08-25,103.7399979,466.3699951,110.9700012,81.83999634,63.09999847
2015-08-26,109.6900024,500.769989,115.9300003,85.08000183,64.83000183
2015-08-27,112.9199982,518.3699951,117.6600037,83.29000092,66.08000183
2015-08-28,113.2900009,518.0100098,117.5199966,83.61000061,64.94000244
2015-08-31,112.7600021,512.8900146000002,116.4599991,82.25,64.73000336
2015-09-01,107.7200012,496.5400085,113.0699997,79.94000244,63.81999969
2015-09-02,112.3399963,510.54998780000005,116.4800034,81.80000305,64.44000244
2015-09-03,110.3700027,504.7200012,116.5999985,81.37999725,64.86000061
2015-09-04,109.2699966,499.0,114.4199982,80.30999756,63.88999939
2015-09-08,112.3099976,517.539978,116.4300003,81.87000275,66.37999725
2015-09-09,110.1500015,516.8900146000002,113.9700012,80.95999908,65.12000275
2015-09-10,112.5699997,522.2399902,114.4899979,80.19999695,64.12000275
2015-09-11,114.2099991,529.4400024,115.4400024,80.09999847,64.65000153
2015-09-14,115.3099976,521.3800049,114.7300034,79.59999847,64.27999878
2015-09-15,116.2799988,522.3699951,116.1800003,80.31999969,64.31999969
2015-09-16,116.4100037,527.3900146000002,117.8199997,81.44000244,64.69000244
2015-09-17,113.9199982,538.8699951,117.9100037,80.61000061,64.47000122
2015-09-18,113.4499969,540.2600097999998,115.1200027,79.34999847,63.34000015
2015-09-21,115.2099991,548.3900146000002,116.5800018,79.37000275,63.72000122
2015-09-22,113.4000015,538.4000244,115.8000031,78.70999908,63.59000015
2015-09-23,114.3199997,536.0700072999998,116.1699982,78.63999939,63.72000122
2015-09-24,115.0,533.75,116.3399963,77.91000366,63.83000183
2015-09-25,114.7099991,524.25,116.7399979,77.37999725,63.77999878
2015-09-28,112.4400024,504.0599976,114.0999985,74.87999725,63.65999985
2015-09-29,109.0599976,496.0700073,112.9100037,75.19999695,63.77999878
2015-09-30,110.3000031,511.89001460000014,115.4899979,77.22000122,64.83999634
2015-10-01,109.5800018,520.7199707,117.0299988,76.58000183,64.26999664
2015-10-02,110.3799973,532.539978,117.8099976,77.90000153,64.98000336
2015-10-05,110.7799988,543.6799927000002,119.1999969,80.25,65.87000275
2015-10-06,111.3099976,537.4799805,118.6800003,79.86000061,65.68000031
2015-10-07,110.7799988,541.9400024,119.6500015,80.20999908,66.36000061
2015-10-08,109.5,533.1599731000001,121.0599976,81.66999817,66.87999725
2015-10-09,112.1200027,539.7999877999998,121.3300018,81.40000153,66.69000244
2015-10-12,111.5999985,550.1900024,121.9000015,80.54000092,66.93000031
2015-10-13,111.7900009,548.9000244,121.6100006,78.77999878,66.73000336
2015-10-14,110.2099991,544.8300171,120.2699966,78.80999756,60.02999878
2015-10-15,111.8600006,562.4400024,121.8099976,79.26999664,59.33000183
2015-10-16,111.0400009,570.7600097999998,122.7399979,79.02999878,58.88999939
2015-10-19,111.7300034,573.1500244,123.0999985,80.04000092,58.84999847
2015-10-20,113.7699966,560.8800049,122.8499985,79.90000153,58.75
2015-10-21,113.7600021,555.7700195,123.3000031,79.12999725,58.63999939
2015-10-22,115.5,563.9099731000001,124.3600006,79.25,58.90000153
2015-10-23,119.0800018,599.0300292999998,124.6100006,78.61000061,58.29999924
2015-10-26,115.2799988,608.6099853999998,125.0100021,78.88999939,58.02000046
2015-10-27,114.5500031,611.0100097999998,124.4700012,79.55000305,57.47999954
2015-10-28,119.2699966,617.0999756,123.8199997,81.20999908,57.63999939
2015-10-29,120.5299988,626.5499877999998,123.6299973,81.30999756,57.95999908
2015-10-30,119.5,625.9000244,123.6399994,82.44000244,57.24000168
2015-11-02,121.1800003,628.3499756,124.4100037,82.69999695,57.61000061
2015-11-03,122.5699997,625.3099976,125.6600037,83.40000153,58.11000061
2015-11-04,122.0,640.9500122000002,125.3799973,82.66999817,58.36999893
2015-11-05,120.9199982,655.6500244,125.7200012,83.98999786,58.61000061
2015-11-06,121.0599976,659.3699951,125.9800034,81.91000366,58.77999878
2015-11-09,120.5699997,655.4899902000002,124.5,80.22000122,58.49000168
2015-11-10,116.7699966,659.6799927000002,125.2600021,80.08999634,58.68000031
2015-11-11,116.1100006,673.25,124.7099991,77.38999939,57.58000183
2015-11-12,115.7200012,665.5999756,123.8099976,76.81999969,56.95000076
2015-11-13,112.3399963,642.3499756,120.0,74.47000122,56.41999817
2015-11-16,114.1800003,647.8099976,120.8399963,75.23000336,57.86999893
2015-11-17,113.6900024,643.2999877999998,126.1800003,74.12999725,59.91999817
2015-11-18,117.2900009,663.539978,126.5400009,74.41999817,60.93000031
2015-11-19,118.7799988,661.2700195,126.8600006,74.23999786,60.70000076
2015-11-20,119.3000031,668.4500122000002,130.2100067,75.13999939,60.06999969
2015-11-23,117.75,678.9899902000002,132.5,76.55000305,60.25999832
2015-11-24,118.8799973,671.1500244,133.6000061,79.31999969,59.91999817
2015-11-25,118.0299988,675.3400268999999,134.6499939,80.76999664,60.24000168
2015-11-27,117.8099976,673.2600097999998,134.7400055,79.73000336,59.88999939
2015-11-30,118.3000031,664.7999877999998,133.88000490000002,79.68000031,58.84000015
2015-12-01,117.3399963,679.0599976,134.4299927,79.43000031,58.99000168
2015-12-02,116.2799988,676.0100097999998,133.8099976,77.84999847,58.34999847
2015-12-03,115.1999969,666.25,130.9299927,76.12999725,59.04000092
2015-12-04,119.0299988,672.6400146000002,134.52999880000002,76.87999725,59.65999985
2015-12-07,118.2799988,669.8300171,133.9299927,76.12000275,60.5
2015-12-08,118.2300034,677.3300171,133.8399963,76.11000061,59.61000061
2015-12-09,115.6200027,664.789978,131.8999939,76.44999695,59.13000107
2015-12-10,116.1699982,662.3200072999998,132.5399933,76.48999786,59.56000137
2015-12-11,113.1800003,640.1500244,130.4400024,75.22000122,59.36000061
2015-12-14,112.4800034,657.9099731000001,132.0099945,73.98000336,60.38999939
2015-12-15,110.4899979,658.6400146000002,131.2899933,74.33000183,59.63999939
2015-12-16,111.3399963,675.7700195,132.8999939,75.51000214,60.29999924
2015-12-17,108.9800034,670.6500244,131.3500061,73.23000336,58.97999954
2015-12-18,106.0299988,664.1400146000002,130.2899933,71.83999634,58.84999847
2015-12-21,107.3300018,664.5100097999998,131.3099976,74.48000336,59.54999924
2015-12-22,107.2300034,663.1500244,131.88000490000002,75.98000336,60.54000092
2015-12-23,108.6100006,663.7000122000002,133.1100006,77.76000214,61.09000015
2015-12-24,108.0299988,662.789978,132.8999939,76.94999695,60.83000183
2015-12-28,106.8199997,675.2000122000002,132.6799927,76.59999847,60.75
2015-12-29,108.7399979,693.9699707000002,133.6999969,77.62000275,61.61000061
2015-12-30,107.3199997,689.0700072999998,133.3500061,77.05000305,61.68000031
2015-12-31,105.2600021,675.8900146000002,132.25,76.29000092,61.29999924
2016-01-04,105.3499985,636.9899902000002,131.0700073,74.51999664,61.45999908
2016-01-05,102.7099991,633.789978,130.4299927,74.30000305,62.91999817
2016-01-06,100.6999969,632.6500244,129.0800018,72.91999817,63.54999924
2016-01-07,96.44999695,607.9400024,125.4000015,70.91999817,65.02999878
2016-01-08,96.95999908,607.0499877999998,123.9000015,68.26000214,63.54000092
2016-01-11,98.52999878,617.7399902000002,125.7799988,67.83999634,64.22000122
2016-01-12,99.95999908,617.8900146000002,127.4899979,68.41000366,63.61999893
2016-01-13,97.38999939,581.8099976,121.4000015,66.69999695,61.91999817
2016-01-14,99.51999664,593.0,119.6200027,66.86000061,63.06000137
2016-01-15,97.12999725,570.1799927000002,119.2300034,67.65000153,61.93000031
2016-01-19,96.66000366,574.4799805,119.7600021,64.22000122,62.56000137
2016-01-20,96.79000092,571.7700195,116.4599991,61.79999924,60.84000015
2016-01-21,96.30000305,575.0200195,120.2200012,61.04999924,61.88000107
2016-01-22,101.4199982,596.3800049,122.7600021,61.65000153,62.68999863
2016-01-25,99.44000244,596.5300292999998,121.7099991,60.93000031,63.45000076
2016-01-26,99.98999786,601.25,122.1999969,62.47999954,64.0
2016-01-27,93.41999817,583.3499756,121.5699997,61.61000061,63.95000076
2016-01-28,94.08999634,635.3499756,122.2799988,61.38000107,64.22000122
2016-01-29,97.33999634,587.0,125.7600021,63.84000015,66.36000061
2016-02-01,96.43000031,574.8099976,126.5100021,64.73000336,67.5
2016-02-02,94.48000336,552.0999756,125.2699966,63.75999832,66.86000061
2016-02-03,96.34999847,531.0700072999998,123.7900009,63.75999832,66.26999664
2016-02-04,96.59999847,536.2600098,121.1100006,64.68000031,66.41999817
2016-02-05,94.01999664,502.1300049,116.4300003,63.86000061,67.0
2016-02-08,95.01000214,488.10000610000014,111.8499985,62.91999817,66.90000153
2016-02-09,94.98999786,482.0700073,113.8600006,62.16999817,65.80999756
2016-02-10,94.26999664,490.4800110000001,114.3300018,61.68999863,65.79000092
2016-02-11,93.69999695,503.8200073,113.2699966,60.75,65.31999969
2016-02-12,93.98999786,507.0799866,116.3199997,61.72999954,66.18000031
2016-02-16,96.63999939,521.0999756,119.4300003,63.24000168,65.90000153
2016-02-17,98.12000275,534.0999756,121.2099991,65.62000275,66.11000061
2016-02-18,96.26000214,525.0,119.9700012,65.26000214,64.12000275
2016-02-19,96.04000092,534.9000244,121.6900024,64.51000214,64.66000366
2016-02-22,96.87999725,559.5,122.8499985,65.26000214,65.62999725
2016-02-23,94.69000244,552.9400024,124.5299988,64.41999817,66.48000336
2016-02-24,96.09999847,554.039978,125.6100006,64.94000244,67.12000275
2016-02-25,96.76000214,555.1500244,126.8600006,65.12000275,68.04000092
2016-02-26,96.91000366,555.2299805,126.2600021,65.45999908,66.51000214
2016-02-29,96.69000244,552.5200195,124.1200027,64.98000336,66.33999634
2016-03-01,100.5299988,579.039978,125.6999969,67.59999847,66.45999908
2016-03-02,100.75,580.210022,125.5899963,67.70999908,66.20999908
2016-03-03,101.5,577.4899902000002,126.8000031,69.09999847,66.13999939
2016-03-04,103.0100021,575.1400146000002,125.5599976,69.76999664,66.77999878
2016-03-07,101.8700027,562.7999877999998,126.1699982,70.70999908,67.88999939
2016-03-08,101.0299988,560.2600097999998,126.7200012,69.37999725,68.04000092
2016-03-09,101.1200027,559.4699707000002,126.0299988,70.19999695,67.52999878
2016-03-10,101.1699982,558.9299927000002,125.8899994,70.48000336,67.41000366
2016-03-11,102.2600021,569.6099853999998,128.4600067,71.83999634,67.16999817
2016-03-14,102.51999659999998,573.3699951,128.8399963,71.86000061,67.36000061
2016-03-15,104.5800018,577.0200195,129.7100067,70.0,68.08999634
2016-03-16,105.9700012,574.2700195,130.4499969,70.27999878,67.98999786
2016-03-17,105.8000031,559.4400024,130.88000490000002,70.12000275,67.44999695
2016-03-18,105.9199982,552.0800171,131.3500061,72.19000244,66.94999695
2016-03-21,105.9100037,553.9799805,131.0099945,71.54000092,67.97000122
2016-03-22,106.7200012,560.4799805,130.5899963,72.58000183,67.87000275
2016-03-23,106.1299973,569.6300049,130.2200012,71.98000336,67.45999908
2016-03-24,105.6699982,582.9500122000002,130.4600067,70.93000031,68.0
2016-03-28,105.1900024,579.8699951,131.0800018,71.12000275,68.12000275
2016-03-29,107.6800003,593.8599853999998,132.4700012,71.83999634,68.02999878
2016-03-30,109.5599976,598.6900024,133.4199982,72.58999634,68.80000305
2016-03-31,108.9899979,593.6400146000002,133.4299927,73.37999725,68.48999786
2016-04-01,109.9899979,598.5,134.8500061,73.76999664,69.05999756
2016-04-04,111.1200027,593.1900024,134.8500061,72.29000092,69.09999847
2016-04-05,109.8099976,586.1400146000002,134.58000180000002,71.75,68.63999939
2016-04-06,110.9599991,602.0800171,135.4400024,72.25,69.04000092
2016-04-07,108.5400009,591.4299927000002,133.86999509999998,70.86000061,68.22000122
2016-04-08,108.6600037,594.5999756,133.61999509999998,70.62999725,68.05999756
2016-04-11,109.0199966,595.9299927000002,133.0099945,70.83000183,67.40000153
2016-04-12,110.4400024,603.1699829,134.38000490000002,70.23999786,68.80000305
2016-04-13,112.0400009,614.8200072999998,133.8399963,71.80000305,69.15000153
2016-04-14,112.0999985,620.75,134.36999509999998,71.01000214,68.80000305
2016-04-15,109.8499985,625.8900146000002,135.0099945,71.18000031,69.05999756
2016-04-18,107.4800034,635.3499756,136.8000031,71.18000031,69.86000061
2016-04-19,106.9100037,627.9000244,135.4400024,71.76000214,69.76999664
2016-04-20,107.1299973,632.9899902000002,135.1900024,72.22000122,69.20999908
2016-04-21,105.9700012,631.0,134.6000061,72.18000031,68.47000122
2016-04-22,105.6800003,620.5,135.66000369999998,73.02999878,68.72000122
2016-04-25,105.0800018,626.2000122000002,135.6499939,72.08999634,69.47000122
2016-04-26,104.3499985,616.8800049,135.33999630000002,72.59999847,69.30000305
2016-04-27,97.81999969,606.5700072999998,135.75,73.36000061,69.41999817
2016-04-28,94.83000183,602.0,132.7299957,72.05000305,68.91000366
2016-04-29,93.73999786,659.5900268999999,133.8899994,71.34999847,66.87000275
2016-05-02,93.63999939,683.8499756,136.0500031,72.04000092,67.58999634
2016-05-03,95.18000031,671.3200072999998,134.53999330000002,71.05999756,67.0
2016-05-04,94.19000244,670.9000244,135.16000369999998,70.47000122,67.19000244
2016-05-05,93.23999786,659.0900268999999,134.66999819999998,70.01999664,67.20999908
2016-05-06,92.72000122,673.9500122000002,135.6999969,69.29000092,68.25
2016-05-09,92.79000092,679.75,136.2400055,69.34999847,68.94999695
2016-05-10,93.41999817,703.0700072999998,137.5099945,70.72000122,68.79000092
2016-05-11,92.51000214,713.2299805,134.3000031,66.48000336,66.41000366
2016-05-12,90.33999634,717.9299927000002,134.1900024,66.37000275,66.84999847
2016-05-13,90.51999664,709.9199829,133.13000490000002,64.43000031,64.94000244
2016-05-16,93.87999725,710.6599731000001,135.33999630000002,65.16999817,66.01999664
2016-05-17,93.48999786,695.2700195,132.0,64.88999939,65.09999847
2016-05-18,94.55999756,697.4500122000002,131.7700043,63.95999908,63.15000153
2016-05-19,94.19999695,698.5200195,131.7299957,63.27999878,69.19999695
2016-05-20,95.22000122,702.7999877999998,131.8500061,64.66999817,69.86000061
2016-05-23,96.43000031,696.75,131.4199982,63.95999908,69.5
2016-05-24,97.90000153,704.2000122000002,133.3600006,63.84999847,70.23999786
2016-05-25,99.62000275,708.3499756,133.1999969,63.88999939,70.48000336
2016-05-26,100.4100037,714.9099731000001,134.0500031,62.54999924,70.84999847
2016-05-27,100.3499985,712.2399902000002,133.9400024,62.54000092,70.75
2016-05-31,99.86000061,722.789978,132.11999509999998,61.95999908,70.77999878
2016-06-01,98.45999908,719.4400024,131.8300018,62.33000183,70.5
2016-06-02,97.72000122,728.2399902000002,132.4100037,63.22999954,70.94999695
2016-06-03,97.91999817,725.539978,131.7400055,63.18000031,70.87000275
2016-06-06,98.62999725,726.7299805,129.1900024,63.00999832,71.05000305
2016-06-07,99.02999878,723.7399902000002,129.9199982,64.30000305,71.02999878
2016-06-08,98.94000244,726.6400146000002,129.5899963,64.0,71.27999878
2016-06-09,99.65000153,727.6500244,129.3000031,62.52000046,71.08999634
2016-06-10,98.83000183,717.9099731000001,128.8300018,61.77000046,71.13999939
2016-06-13,97.33999634,715.2399902000002,127.8300018,61.02000046,70.52999878
2016-06-14,97.45999908,719.2999877999998,125.2399979,60.79000092,70.94999695
2016-06-15,97.13999939,714.2600097999998,126.5299988,61.72000122,71.12000275
2016-06-16,97.55000305,717.5100097999998,127.3600006,60.56000137,71.30000305
2016-06-17,95.33000183,706.3900146000002,127.1399994,61.22999954,70.94999695
2016-06-20,95.09999847,714.0100097999998,127.6200027,61.75,71.09999847
2016-06-21,95.91000366,715.8200072999998,127.7399979,61.63999939,71.45999908
2016-06-22,95.55000305,710.5999756,127.5999985,61.45999908,71.75
2016-06-23,96.09999847,722.0800171,128.2899933,62.63000107,72.09999847
2016-06-24,93.40000153,698.960022,126.4000015,60.09000015,71.95999908
2016-06-27,92.04000092,691.3599853999998,124.6699982,57.47999954,71.5
2016-06-28,93.58999634,707.9500122000002,127.5299988,59.06999969,71.51000214
2016-06-29,94.40000153,715.5999756,127.3700027,60.04000092,72.45999908
2016-06-30,95.59999847,715.6199951,127.6900024,60.63999939,73.01999664
2016-07-01,95.88999939,725.6799927000002,129.61999509999998,61.29999924,72.80999756
2016-07-05,94.98999786,728.0999756,129.3500061,59.15999985,73.13999939
2016-07-06,95.52999878,737.6099853999998,131.5700073,59.68999863,73.81999969
2016-07-07,95.94000244,736.5700072999998,131.1600037,59.52999878,73.52999878
2016-07-08,96.68000031,745.8099976,134.33999630000002,61.34999847,73.83999634
2016-07-11,96.98000336,753.7800292999998,135.1499939,62.02999878,74.05999756
2016-07-12,97.41999817,748.210022,134.83999630000002,62.68000031,73.26999664
2016-07-13,96.87000275,742.6300049,133.5599976,62.41999817,73.62000275
2016-07-14,98.79000092,741.2000122000002,134.53999330000002,62.79000092,73.69999695
2016-07-15,98.77999878,735.4400024,134.77999880000002,61.29999924,73.66999817
2016-07-18,99.83000183,736.0700072999998,136.33999630000002,61.84000015,73.83999634
2016-07-19,99.87000275,739.9500122000002,136.9799957,61.38000107,73.66000366
2016-07-20,99.95999908,745.7199707000002,137.41000369999998,62.38999939,73.79000092
2016-07-21,99.43000031,744.4299927000002,136.0700073,62.02999878,73.51999664
2016-07-22,98.66000366,744.8599853999998,136.5200043,62.0,73.55000305
2016-07-25,97.33999634,739.6099853999998,136.5,62.0,73.75
2016-07-26,96.66999817,735.5900268999999,136.75,63.31000137,73.73000336
2016-07-27,102.9499969,736.6699829,136.3099976,63.11000061,73.31999969
2016-07-28,104.3399963,752.6099853999998,137.96000669999998,63.34999847,73.23999786
2016-07-29,104.2099991,758.8099976,138.2400055,64.51999664,72.97000122
2016-08-01,106.0500031,767.7399902000002,138.7700043,63.68999863,73.77999878
2016-08-02,104.48000340000002,760.5800171,137.22000119999998,61.41999817,73.12999725
2016-08-03,105.7900009,754.6400146000002,137.0599976,61.41999817,72.94000244
2016-08-04,105.8700027,760.7700195,136.0500031,61.41999817,73.30000305
2016-08-05,107.4800034,765.9799805,136.91000369999998,62.75,73.76000214
2016-08-08,108.3700027,766.5599976,136.21000669999998,64.23999786,73.33999634
2016-08-09,108.8099976,768.3099976,136.1100006,63.40999985,73.54000092
2016-08-10,108.0,768.5599976,135.6000061,63.66999817,73.94999695
2016-08-11,107.9300003,771.2399902000002,137.03999330000002,66.25,73.80000305
2016-08-12,108.1800003,772.5599976,136.5700073,67.30999756,73.88999939
2016-08-15,109.4800034,768.4899902000002,137.0599976,67.91000366,73.31999969
2016-08-16,109.3799973,764.039978,136.2299957,67.43000031,72.88999939
2016-08-17,109.2200012,764.6300049,136.1499939,67.26999664,72.93000031
2016-08-18,109.0800018,764.460022,134.8000031,68.22000122,74.30000305
2016-08-19,109.3600006,757.3099976,135.46000669999998,68.51999664,72.80999756
2016-08-22,108.5100021,759.4799805,135.33999630000002,68.06999969,72.69999695
2016-08-23,108.8499985,762.4500122000002,136.22000119999998,69.12999725,71.97000122
2016-08-24,108.0299988,757.25,135.0599976,68.87000275,72.23000336
2016-08-25,107.5699997,759.2199707000002,135.4299927,73.27999878,71.22000122
2016-08-26,106.9400024,769.0,134.3600006,73.55999756,71.13999939
2016-08-29,106.8199997,771.289978,135.2400055,72.98000336,71.40000153
2016-08-30,106.0,767.5800171,134.1000061,71.98000336,71.30999756
2016-08-31,106.0999985,769.1599731000001,134.11999509999998,71.37000275,71.44000244
2016-09-01,106.7300034,770.6199951,134.2299957,70.37000275,72.83999634
2016-09-02,107.7300034,772.4400024,135.1499939,70.08000183,72.5
2016-09-06,107.6999969,788.8699951,134.1000061,69.16999817,73.0
2016-09-07,108.3600006,784.4799805,132.7899933,69.77999878,72.05999756
2016-09-08,105.5199966,784.0599976,131.2599945,69.01000214,71.83000183
2016-09-09,103.1299973,760.1400146000002,127.7399979,67.26999664,70.30000305
2016-09-12,105.4400024,771.4899902000002,128.5899963,68.30000305,71.94000244
2016-09-13,107.9499969,761.0100097999998,125.7200012,68.73999786,71.45999908
2016-09-14,111.7699966,761.0900268999999,126.2600021,70.30000305,71.51999664
2016-09-15,115.5699997,769.6900024,126.9599991,72.66000366,72.40000153
2016-09-16,114.9199982,778.5200195,126.1100006,72.76000214,72.87000275
2016-09-19,113.5800018,775.0999756,126.2900009,71.76999664,72.08999634
2016-09-20,113.5699997,780.2199707000002,126.8300018,71.52999878,71.97000122
2016-09-21,113.5500031,789.7399902000002,128.1100006,72.26999664,72.19000244
2016-09-22,114.6200027,804.7000122000002,128.75,72.80999756,72.26999664
2016-09-23,112.7099991,805.75,127.7900009,72.69000244,72.34999847
2016-09-26,112.8799973,799.1599731000001,125.4499969,71.34999847,71.62000275
2016-09-27,113.0899963,816.1099853999998,126.8199997,71.65000153,72.33000183
2016-09-28,113.9499969,828.7199707000002,128.2700043,71.19999695,71.79000092
2016-09-29,112.1800003,829.0499877999998,127.9300003,71.37000275,70.73000336
2016-09-30,113.0500031,837.3099976,128.6799927,72.62999725,72.12000275
2016-10-03,112.5199966,836.7399902000002,128.5,71.70999908,72.01000214
2016-10-04,113.0,834.0300292999998,128.1999969,71.08999634,71.75
2016-10-05,113.0500031,844.3599854,127.5800018,72.80000305,71.66999817
2016-10-06,113.8899994,841.6599731000001,130.1900024,73.0,69.36000061
2016-10-07,114.0599976,839.4299927000002,128.3099976,73.34999847,68.69999695
2016-10-10,116.0500031,841.7100220000002,127.25,73.87000275,67.98000336
2016-10-11,116.3000031,831.0,125.8499985,73.47000122,67.38999939
2016-10-12,117.3399963,834.0900268999999,126.6900024,73.34999847,67.45999908
2016-10-13,116.9800034,829.2800292999998,126.2900009,72.81999969,68.23000336
2016-10-14,117.6299973,822.960022,126.4199982,72.65000153,68.44999695
2016-10-17,117.5500031,812.9500122000002,125.1399994,71.90000153,68.22000122
2016-10-18,117.4700012,817.6500244,125.7399979,72.04000092,68.87000275
2016-10-19,117.1200027,817.6900024,125.8899994,73.25,68.88999939
2016-10-20,117.0599976,810.3200072999998,126.25,72.79000092,68.73000336
2016-10-21,116.5999985,818.9899902000002,126.5999985,73.37000275,68.33999634
2016-10-24,117.6500015,838.0900268999999,127.7799988,73.88999939,69.19000244
2016-10-25,118.25,835.1799927000002,123.3399963,73.38999939,69.36000061
2016-10-26,115.5899963,822.5900268999999,122.7099991,73.55000305,69.58999634
2016-10-27,114.4800034,818.3599853999998,122.2600021,72.83000183,69.83000183
2016-10-28,113.7200012,776.3200072999998,123.5800018,73.20999908,69.98999786
2016-10-31,113.5400009,789.8200072999998,122.0100021,73.41999817,70.01999664
2016-11-01,111.4899979,785.4099731000001,119.8899994,72.76000214,69.30000305
2016-11-02,111.5899963,765.5599976,120.2900009,72.44999695,69.44999695
2016-11-03,109.8300018,767.0300292999998,120.1800003,72.04000092,69.62999725
2016-11-04,108.8399963,755.0499877999998,120.9100037,72.93000031,69.16000366
2016-11-07,110.4100037,784.9299927000002,123.75,76.08999634,69.77999878
2016-11-08,111.0599976,787.75,124.25,75.62000275,69.79000092
2016-11-09,110.8799973,771.8800049,126.0199966,77.86000061,71.09999847
2016-11-10,107.7900009,742.3800049,129.0299988,80.23000336,71.38999939
2016-11-11,108.4300003,739.0100097999998,129.8500061,80.29000092,71.23000336
2016-11-14,105.7099991,719.0700072999998,127.6699982,78.09999847,70.48999786
2016-11-15,107.1100006,743.2399902000002,124.4000015,75.95999908,71.41999817
2016-11-16,109.9899979,746.4899902000002,125.3300018,76.19000244,71.38999939
2016-11-17,109.9499969,756.4000244,128.9299927,77.11000061,69.19000244
2016-11-18,110.0599976,760.1599731000001,128.3300018,76.34999847,68.54000092
2016-11-21,111.7300034,780.0,128.2200012,76.76000214,69.37000275
2016-11-22,111.8000031,785.3300171,130.9799957,76.87999725,70.12000275
2016-11-23,111.2300034,780.1199951,131.2100067,79.18000031,70.83000183
2016-11-25,111.7900009,780.3699951,131.5700073,78.05999756,71.23000336
2016-11-28,111.5699997,766.7700195,130.6399994,78.13999939,71.19000244
2016-11-29,111.4599991,762.5200195,129.61999509999998,80.59999847,71.37000275
2016-11-30,110.5199966,750.5700072999998,129.3999939,82.48000336,70.43000031
2016-12-01,109.4899979,743.6500244,129.4700012,82.51000214,70.66999817
2016-12-02,109.9000015,740.3400268999999,129.86999509999998,81.30000305,70.87999725
2016-12-05,109.1100006,759.3599853999998,129.6799927,83.23999786,69.94000244
2016-12-06,109.9499969,764.7199707000002,128.7400055,83.23999786,70.36000061
2016-12-07,111.0299988,770.4199829,132.4600067,84.34999847,70.59999847
2016-12-08,112.1200027,767.3300171,132.5299988,85.05999756,70.33999634
2016-12-09,113.9499969,768.6599731000001,133.3899994,85.01999664,70.08000183
2016-12-12,113.3000031,760.1199951,134.58000180000002,84.69000244,71.66999817
2016-12-13,115.1900024,774.3400268999999,136.53999330000002,84.20999908,71.80000305
2016-12-14,115.1900024,768.8200072999998,135.9799957,83.16999817,71.33999634
2016-12-15,115.8199997,761.0,135.83999630000002,81.02999878,71.08000183
2016-12-16,115.9700012,757.7700195,135.1100006,79.80000305,70.98000336
2016-12-19,116.6399994,766.0,135.4400024,79.94000244,71.58000183
2016-12-20,116.9499969,771.2199707000002,137.1100006,80.44999695,71.81999969
2016-12-21,117.0599976,770.5999756,136.83000180000002,80.04000092,71.23999786
2016-12-22,116.2900009,766.3400268999999,135.4299927,77.76999664,69.58999634
2016-12-23,116.5199966,760.5900268999999,135.0500031,77.12999725,69.54000092
2016-12-27,117.2600021,771.4000244,135.2599945,78.37000275,69.69999695
2016-12-28,116.7600021,772.1300049,135.0700073,77.37999725,69.30999756
2016-12-29,116.7300034,765.1500244,135.1000061,77.40000153,69.26000214
2016-12-30,115.8199997,749.8699951,134.0800018,77.43000031,69.12000275
2017-01-03,116.1500015,753.6699829,134.3099976,77.79000092,68.66000366
2017-01-04,116.0199966,757.1799927000002,135.5,79.26000214,69.05999756
2017-01-05,116.6100006,780.4500122000002,133.8999939,76.80999756,69.20999908
2017-01-06,117.9100037,795.9899902000002,133.5299988,77.16000366,68.26000214
2017-01-09,118.9899979,796.9199829,134.3099976,76.83999634,68.70999908
2017-01-10,119.1100006,795.9000244,136.1000061,77.13999939,68.23000336
2017-01-11,119.75,799.0200195,135.6999969,77.73999786,68.52999878
2017-01-12,119.25,813.6400146000002,135.0700073,80.55000305,67.97000122
2017-01-13,119.0400009,817.1400146000002,135.03999330000002,81.91999817,67.12999725
2017-01-17,120.0,809.7199707000002,135.9299927,79.90000153,68.41999817
2017-01-18,119.9899979,807.4799805,136.16000369999998,79.94000244,68.11000061
2017-01-19,119.7799988,809.039978,135.3899994,79.02999878,67.62000275
2017-01-20,120.0,808.3300171,135.6000061,79.41999817,67.18000031
2017-01-23,120.0800018,817.8800049,138.0700073,78.73999786,66.65000153
2017-01-24,119.9700012,822.4400024,138.0599976,79.30999756,67.40000153
2017-01-25,121.8799973,836.5200195,137.4799957,80.33999634,66.88999939
2017-01-26,121.9400024,839.1500243999999,138.46000669999998,79.91000366,66.73000336
2017-01-27,121.9499969,835.7700195,138.33000180000002,79.16999817,65.66000366
2017-01-30,121.6299973,830.3800049,138.47000119999998,78.05000305,66.41999817
2017-01-31,121.3499985,823.4799805,137.58000180000002,78.72000122,66.73999786
2017-02-01,128.75,832.3499756,137.4400024,78.0,66.23000336
2017-02-02,128.5299988,839.9500122000003,136.9499969,78.18000031,66.69999695
2017-02-03,129.0800018,810.2000122000002,137.9799957,80.47000122,66.5
2017-02-06,130.2899933,807.6400146000002,136.4900055,78.48999786,66.40000153
2017-02-07,131.5299988,812.5,136.6499939,78.27999878,66.88999939
2017-02-08,132.0399933,819.710022,137.88000490000002,79.04000092,67.80999756
2017-02-09,132.4199982,821.3599853999998,138.71000669999998,80.43000031,69.08000183
2017-02-10,132.11999509999998,827.460022,139.8500061,81.37000275,68.01999664
2017-02-13,133.2899933,836.5300292999998,139.86999509999998,81.62999725,67.76999664
2017-02-14,135.0200043,836.3900146000002,141.3600006,82.95999908,68.66000366
2017-02-15,135.5099945,842.7000122000003,142.1900024,83.23000336,68.69000244
2017-02-16,135.3500061,844.1400146,141.53999330000005,83.01000214,68.87000275
2017-02-17,135.72000119999998,845.0700072999998,143.0,86.18000031,69.37000275
2017-02-21,136.6999969,856.4400024,145.0200043,88.41000366,71.44999695
2017-02-22,137.1100006,855.6099854,145.25,88.30000305,71.70999908
2017-02-23,136.52999880000002,852.1900024,144.71000669999995,90.23000336,71.30999756
2017-02-24,136.66000369999998,845.2399902000002,145.9499969,91.73000336,72.38999939
2017-02-27,136.9299927,848.6400146,145.3000031,91.97000122,71.73999786
2017-02-28,136.9900055,845.0399779999998,144.91000369999998,91.87000275,70.93000031
2017-03-01,139.78999330000002,853.0800171,146.6799927,91.51999664,70.44999695
2017-03-02,138.96000669999998,848.9099731000001,147.9499969,90.08999634,70.76000214
2017-03-03,139.77999880000002,849.8800049,147.8099976,90.31999969,70.02999878
2017-03-06,139.33999630000002,846.6099854,147.13000490000005,89.91000366,69.87999725
2017-03-07,139.5200043,846.0200195,146.0200043,88.76000214,69.87000275
2017-03-08,139.0,850.5,146.91999819999995,89.12000275,69.80000305
2017-03-09,138.6799927,853.0,146.61999509999995,88.47000122,69.86000061
2017-03-10,139.1399994,852.4600220000002,146.8500061,88.70999908,70.09999847
2017-03-13,139.1999969,854.5900268999999,147.4299927,88.86000061,69.94999695
2017-03-14,138.9900055,852.5300292999998,147.16000369999998,89.12999725,70.72000122
2017-03-15,140.46000669999998,852.9699707000002,147.9499969,90.47000122,70.58000183
2017-03-16,140.6900024,853.4199829,148.7299957,89.98000336,70.44000244
2017-03-17,139.9900055,852.3099976,149.6000061,92.41999817,69.88999939
2017-03-20,141.46000669999995,856.9699707000002,147.8000031,93.83000183,69.98000336
2017-03-21,139.83999630000002,843.2000122000003,146.6100006,94.01000214,69.90000153
2017-03-22,141.41999819999995,848.0599976,147.3600006,95.11000061,70.25
2017-03-23,140.91999819999995,847.3800049,147.9900055,95.36000061,69.86000061
2017-03-24,140.6399994,845.6099854,147.71000669999995,95.37999725,69.61000061
2017-03-27,140.88000490000005,846.8200072999998,146.86999509999995,95.06999969,69.66000366
2017-03-28,143.8000031,856.0,147.1999969,96.05000305,70.31999969
2017-03-29,144.11999509999995,874.3200072999998,147.03999330000005,96.41000366,70.73999786
2017-03-30,143.9299927,876.3400268999999,146.9499969,95.25,71.58999634
2017-03-31,143.66000369999998,886.5399779999998,146.83000180000005,95.30000305,72.08000183
2017-04-03,143.6999969,891.5100097999998,146.61999509999995,94.18000031,71.83000183
2017-04-04,144.7700043,906.8300171,146.33999630000002,93.65000153,72.01000214
2017-04-05,144.0200043,909.2800293,146.6399994,92.76999664,71.65000153
2017-04-06,143.66000369999998,898.2800292999998,147.2400055,93.69000244,71.43000031
2017-04-07,143.33999630000002,894.8800049,147.13000490000005,93.47000122,72.90000153
2017-04-10,143.16999819999995,907.039978,148.21000669999995,93.20999908,73.05999756
2017-04-11,141.63000490000005,902.3599854,148.1999969,92.15000153,73.43000031
2017-04-12,141.8000031,896.2299805,146.53999330000005,91.73999786,73.44000244
2017-04-13,141.0500031,884.6699829,145.91000369999998,91.18000031,73.15000153
2017-04-17,141.83000180000005,901.9899902,147.3099976,91.51999664,73.48999786
2017-04-18,141.1999969,903.7800293,147.7599945,90.76999664,73.88999939
2017-04-19,140.6799927,899.2000122000003,147.22000119999996,91.55000305,74.06999969
2017-04-20,142.4400024,902.0599976,148.72000119999996,92.13999939,74.80000305
2017-04-21,142.2700043,898.5300292999998,150.0,91.69000244,74.94000244
2017-04-24,143.6399994,907.4099731,151.8899994,92.58999634,74.77999878
2017-04-25,144.52999880000004,907.6199951,153.02999880000004,92.83000183,75.05000305
2017-04-26,143.6799927,909.289978,154.22000119999996,93.09999847,75.43000031
2017-04-27,143.78999330000005,918.3800049,156.11999509999995,92.37000275,75.44000244
2017-04-28,143.6499939,924.9899902,156.1000061,91.65000153,75.18000031
2017-05-01,146.58000180000005,948.2299805,154.21000669999995,91.30000305,75.23000336
2017-05-02,147.5099945,946.9400024,154.9499969,92.06999969,75.51999664
2017-05-03,147.0599976,941.0300293,155.0,92.16999817,75.76000214
2017-05-04,146.52999880000004,937.5300293,154.8600006,91.0,76.33999634
2017-05-05,148.96000669999995,934.1500244,155.7299957,92.48999786,76.5
2017-05-08,153.0099945,949.039978,156.8899994,91.40000153,76.12000275
2017-05-09,153.9900055,952.8200073,157.6799927,92.45999908,76.72000122
2017-05-10,153.2599945,948.9500122000003,158.13000490000005,92.94999695,76.69999695
2017-05-11,153.9499969,947.6199951,156.1999969,92.01999664,76.12999725
2017-05-12,156.1000061,961.3499756,156.91999819999995,92.5,75.70999908
2017-05-15,155.6999969,957.9699707,157.33000180000005,92.25,76.29000092
2017-05-16,155.47000119999996,966.0700073,158.2599945,92.44999695,75.11000061
2017-05-17,150.25,944.7600098,156.08999630000002,91.05999756,75.12000275
2017-05-18,152.53999330000005,958.4899902,155.6999969,91.97000122,77.54000092
2017-05-19,153.0599976,959.8400269,156.3000031,92.91999817,78.76999664
2017-05-22,153.9900055,970.6699829,155.96000669999995,93.66999817,78.55000305
2017-05-23,153.8000031,971.539978,154.83000180000005,93.13999939,78.48999786
2017-05-24,153.33999630000002,980.3499756,155.0,85.02999878,78.15000153
2017-05-25,153.86999509999995,993.3800049,156.46000669999995,85.81999969,78.30999756
2017-05-26,153.6100006,995.7800293,154.8999939,86.18000031,78.12999725
2017-05-30,153.66999819999995,996.7000122000003,153.88000490000005,85.93000031,78.15000153
2017-05-31,152.7599945,994.6199951,153.5099945,86.95999908,78.59999847
2017-06-01,153.1799927,995.9500122000003,155.1499939,89.23999786,79.80999756
2017-06-02,155.4499969,1006.72998,155.3500061,89.98999786,79.62000275
2017-06-05,153.9299927,1011.340027,154.78999330000005,91.04000092,80.26000214
2017-06-06,154.4499969,1003.0,154.1999969,91.59999847,78.93000031
2017-06-07,155.36999509999995,1010.070007,154.96000669999995,92.26999664,79.15000153
2017-06-08,154.9900055,1010.27002,153.5,93.66000366,78.93000031
2017-06-09,148.9799957,978.3099976,152.96000669999995,94.69000244,79.41999817
2017-06-12,145.41999819999995,964.9099731,152.1799927,93.13999939,79.23999786
2017-06-13,146.58999630000002,980.789978,153.9900055,91.83999634,79.51999664
2017-06-14,145.16000369999998,976.4699707,156.7599945,91.5,79.90000153
2017-06-15,144.28999330000005,964.1699829,156.7700043,91.01999664,78.91000366
2017-06-16,142.2700043,987.710022,156.6399994,92.08000183,75.23999786
2017-06-19,146.33999630000002,995.1699829,158.8099976,93.90000153,75.5
2017-06-20,145.0099945,992.5900269,157.66999819999995,92.27999878,75.54000092
2017-06-21,145.86999509999995,1002.22998,156.58999630000002,91.30999756,76.23999786
2017-06-22,145.63000490000005,1001.299988,155.4799957,91.43000031,75.51999664
2017-06-23,146.27999880000004,1003.73999,151.3099976,91.79000092,74.83999634
2017-06-26,145.8200073,993.9799805,151.41999819999995,92.30999756,75.5
2017-06-27,143.7299957,976.7800293,152.2400055,93.69000244,76.01000214
2017-06-28,145.83000180000005,990.3300171,153.2299957,93.88999939,76.51000214
2017-06-29,143.6799927,975.9299927,152.16000369999998,92.51999664,75.93000031
2017-06-30,144.0200043,968.0,153.3999939,93.87000275,75.68000031
2017-07-03,143.5,953.6599731,154.0099945,93.68000031,75.36000061
2017-07-05,144.08999630000002,971.4000244,152.6900024,93.06999969,75.31999969
2017-07-06,142.7299957,965.1400146,152.0500031,93.05000305,75.47000122
2017-07-07,144.1799927,978.7600098,152.2299957,93.83999634,75.33000183
2017-07-10,145.0599976,996.4699707,151.1799927,91.33000183,73.23000336
2017-07-11,145.52999880000004,994.1300049,150.6000061,90.83999634,73.47000122
2017-07-12,145.7400055,1006.51001,152.58999630000002,92.45999908,73.94000244
2017-07-13,147.7700043,1000.630005,153.28999330000005,94.04000092,75.05000305
2017-07-14,149.03999330000005,1001.809998,152.88000490000005,91.90000153,76.33999634
2017-07-17,149.5599976,1010.039978,153.8899994,92.16000366,76.37000275
2017-07-18,150.08000180000005,1024.449951,152.16999819999995,91.79000092,76.19999695
2017-07-19,151.0200043,1026.869995,153.3000031,91.86000061,75.87000275
2017-07-20,150.33999630000002,1028.699951,147.02999880000004,92.62999725,76.01999664
2017-07-21,150.2700043,1025.670044,146.6499939,93.70999908,76.15000153
2017-07-24,152.08999630000002,1038.949951,144.58000180000005,93.44000244,76.88999939
2017-07-25,152.7400055,1039.869995,146.97000119999996,95.04000092,78.51999664
2017-07-26,153.46000669999995,1052.800049,146.6900024,95.08999634,78.90000153
2017-07-27,150.5599976,1046.0,147.7299957,95.19000244,79.77999878
2017-07-28,149.5,1020.039978,148.08000180000005,96.33999634,79.80999756
2017-07-31,148.7299957,987.7800293,149.6000061,95.51000214,79.98999786
2017-08-01,150.0500031,996.1900024,149.8500061,95.86000061,80.5
2017-08-02,157.1399994,995.8900146,150.5,92.44000244,80.52999878
2017-08-03,155.5700073,986.9199829,150.78999330000005,92.84999847,80.87000275
2017-08-04,156.3899994,987.5800171,152.75,93.0,80.48000336
2017-08-07,158.8099976,992.2700195,153.3500061,92.16000366,81.27999878
2017-08-08,160.08000180000005,989.8400269,153.3500061,91.31999969,81.58999634
2017-08-09,161.0599976,982.0100098,155.2599945,91.23999786,81.61000061
2017-08-10,155.3200073,956.9199829,153.88000490000005,89.33999634,80.66000366
2017-08-11,157.4799957,967.9899902,154.88000490000005,90.29000092,80.40000153
2017-08-14,159.8500061,983.2999877999997,154.2599945,90.73000336,80.69999695
2017-08-15,161.6000061,982.7399902,150.16999819999995,88.11000061,80.76999664
2017-08-16,160.9499969,978.1799927,152.25,89.37999725,80.98000336
2017-08-17,157.8600006,960.5700073,149.66999819999995,88.37000275,79.69999695
2017-08-18,157.5,958.4699707,147.4900055,88.02999878,79.30999756
2017-08-21,157.21000669999995,953.289978,149.1999969,87.81999969,79.70999908
2017-08-22,159.77999880000004,966.9000244,149.91000369999998,88.5,80.01999664
2017-08-23,159.9799957,958.0,149.1000061,88.72000122,79.95999908
2017-08-24,159.2700043,952.4500122000003,148.25,87.55000305,78.33999634
2017-08-25,159.8600006,945.2600098,149.6499939,88.0,78.62999725
2017-08-28,161.47000119999996,946.0200195,151.3899994,89.34999847,78.02999878
2017-08-29,162.91000369999998,954.0599976,149.83999630000002,88.27999878,78.76999664
2017-08-30,163.3500061,967.5900269,150.0,87.65000153,78.54000092
2017-08-31,164.0,980.5999756,149.86999509999995,91.40000153,78.06999969
2017-09-01,164.0500031,978.25,150.77999880000004,92.37000275,78.37000275
2017-09-05,162.08000180000005,965.2700195,152.9299927,92.25,79.80000305
2017-09-06,161.91000369999998,967.7999877999997,156.5599976,93.48000336,80.08000183
2017-09-07,161.2599945,979.4699707,157.9299927,93.51000214,80.12000275
2017-09-08,158.63000490000005,965.9000244,159.66000369999998,93.16000366,78.87999725
2017-09-11,161.5,977.960022,158.36999509999995,95.59999847,79.08000183
2017-09-12,160.8600006,982.5800171,159.91000369999998,96.48000336,79.61000061
2017-09-13,159.6499939,999.5999756,160.0200043,95.51000214,79.86000061
2017-09-14,158.27999880000004,992.210022,159.38000490000005,90.94999695,79.68000031
2017-09-15,159.88000490000005,986.789978,158.3999939,90.30999756,80.37999725
2017-09-18,158.66999819999995,974.1900024,157.8099976,89.47000122,80.0
2017-09-19,158.7299957,969.8599854,157.66000369999998,90.31999969,80.05000305
2017-09-20,156.0700073,973.210022,158.6799927,89.93000031,80.5
2017-09-21,153.3899994,964.6500244,159.1900024,89.84999847,80.01000214
2017-09-22,151.8899994,955.0999756,159.97000119999996,87.83999634,79.52999878
2017-09-25,150.5500031,939.789978,161.1000061,88.02999878,79.15000153
2017-09-26,153.1399994,938.5999756,161.2599945,89.66000366,79.38999939
2017-09-27,154.2299957,950.8699951,160.91999819999995,89.87000275,79.29000092
2017-09-28,153.27999880000004,956.4000244,162.3600006,90.94000244,78.94999695
2017-09-29,154.11999509999995,961.3499756,163.5599976,91.77999878,78.13999939
2017-10-02,153.8099976,959.1900024,164.0200043,92.69999695,78.44999695
2017-10-03,154.4799957,957.0999756,165.16999819999995,93.01999664,79.22000122
2017-10-04,153.4799957,965.4500122000003,165.28999330000005,94.0,79.08999634
2017-10-05,155.3899994,980.8499756,166.11999509999995,94.13999939,79.41000366
2017-10-06,155.3000031,989.5800171,165.8500061,94.61000061,79.0
2017-10-09,155.83999630000002,990.9899902,165.71000669999995,93.44000244,80.52999878
2017-10-10,155.8999939,987.2000122000003,165.16000369999998,92.87000275,84.12999725
2017-10-11,156.5500031,995.0,165.25,93.26999664,85.73000336
2017-10-12,156.0,1000.929993,164.58999630000002,92.08000183,86.09999847
2017-10-13,156.9900055,1002.940002,164.47000119999996,94.40000153,86.62000275
2017-10-16,159.88000490000005,1006.340027,164.22000119999996,94.69000244,85.73999786
2017-10-17,160.47000119999996,1009.130005,163.3500061,94.94000244,85.98000336
2017-10-18,159.7599945,997.0,163.4499969,94.41999817,86.22000122
2017-10-19,155.9799957,986.6099854,163.2400055,93.59999847,86.40000153
2017-10-20,156.25,982.9099731,163.4299927,94.54000092,87.44000244
2017-10-23,156.16999819999995,966.2999877999997,164.7400055,93.66999817,88.65000153
2017-10-24,157.1000061,975.9000244,166.02999880000004,93.94999695,87.98000336
2017-10-25,156.41000369999998,972.9099731,166.0700073,93.48000336,88.48000336
2017-10-26,157.41000369999998,972.4299927,167.6499939,94.09999847,88.62000275
2017-10-27,163.0500031,1100.949951,167.33999630000002,94.05000305,88.16999817
2017-10-30,166.72000119999996,1110.849976,165.3099976,93.55000305,86.94999695
2017-10-31,169.03999330000005,1105.280029,165.77999880000004,93.62000275,87.30999756
2017-11-01,166.8899994,1103.680054,165.38000490000005,93.98000336,87.94000244
2017-11-02,168.1100006,1094.219971,162.71000669999995,93.01000214,88.80000305
2017-11-03,172.5,1111.599976,164.3899994,92.55999756,89.68000031
2017-11-06,174.25,1120.660034,164.22000119999996,92.98999786,88.69999695
2017-11-07,174.8099976,1123.170044,163.66000369999998,92.34999847,88.94999695
2017-11-08,176.2400055,1132.880005,164.0500031,90.87000275,90.26000214
2017-11-09,175.88000490000005,1129.130005,163.2700043,91.0,90.30000305
2017-11-10,174.66999819999995,1125.349976,164.1100006,91.56999969,90.91999817
2017-11-13,173.97000119999996,1129.170044,165.3500061,93.08000183,90.98999786
2017-11-14,171.33999630000002,1136.839966,168.0599976,93.55000305,91.08999634
2017-11-15,169.08000180000005,1126.689941,165.47000119999996,92.51000214,89.83000183
2017-11-16,171.1000061,1137.290039,167.5,92.94000244,99.62000275
2017-11-17,170.1499939,1129.880005,167.7400055,94.83000183,97.47000122
2017-11-20,169.9799957,1126.310059,170.4499969,94.33000183,97.48000336
2017-11-21,173.1399994,1139.48999,172.8600006,93.54000092,96.51999664
2017-11-22,174.96000669999995,1156.160034,172.0599976,94.08999634,96.41000366
2017-11-24,174.97000119999996,1186.0,172.33000180000005,93.04000092,96.62000275
2017-11-27,174.08999630000002,1195.829956,174.16000369999998,93.29000092,96.62000275
2017-11-28,173.0700073,1193.599976,176.5700073,94.04000092,96.76999664
2017-11-29,169.4799957,1161.27002,177.25,92.55000305,97.55999756
2017-11-30,171.8500061,1176.75,179.8200073,94.5,97.23000336
2017-12-01,171.0500031,1162.349976,180.4199982,97.25,97.34999847
2017-12-04,169.8000031,1133.949951,184.8999939,95.54000092,97.01000214
2017-12-05,169.6399994,1141.569946,182.8500061,95.01999664,97.83000183
2017-12-06,169.0099945,1152.349976,180.8000031,95.19000244,97.27999878
2017-12-07,169.3200073,1159.790039,182.0,95.51999664,96.77999878
2017-12-08,169.36999509999995,1162.0,183.4100037,95.75,96.55000305
2017-12-11,172.66999819999995,1168.920044,182.25,96.33999634,96.93000031
2017-12-12,171.6999969,1165.079956,181.8000031,95.5,96.69999695
2017-12-13,172.2700043,1164.130005,183.0299988,96.09999847,97.76000214
2017-12-14,172.22000119999996,1174.26001,182.1300049,99.33999634,97.12999725
2017-12-15,173.97000119999996,1179.140015,182.5800018,101.3399963,97.11000061
2017-12-18,176.41999819999995,1190.579956,184.7299957,100.6100006,97.90000153
2017-12-19,174.53999330000005,1187.380005,185.9799957,100.4199982,98.80000305
2017-12-20,174.3500061,1177.619995,187.3099976,100.0500031,98.75
2017-12-21,175.0099945,1174.76001,188.0800018,102.4599991,98.05999756
2017-12-22,175.0099945,1168.359985,188.1300049,102.8399963,98.20999908
2017-12-26,170.5700073,1176.76001,190.3600006,105.1999969,99.16000366
2017-12-27,170.6000061,1182.26001,190.1900024,105.2399979,99.26000214
2017-12-28,171.08000180000005,1186.099976,189.7799988,104.2200012,99.40000153
2017-12-29,169.2299957,1169.469971,189.5299988,103.9499969,98.75
2018-01-02,172.2599945,1189.01001,188.0299988,106.4300003,98.58999634
2018-01-03,172.2299957,1204.199951,189.0099945,107.0299988,99.44999695
2018-01-04,173.02999880000004,1209.589966,190.5099945,106.75,99.54000092
2018-01-05,175.0,1229.140015,192.5,106.5699997,100.1299973
2018-01-08,174.3500061,1246.869995,192.0399933,106.8399963,101.6100006
2018-01-09,174.33000180000005,1252.699951,193.1000061,106.5400009,100.3899994
2018-01-10,174.28999330000005,1254.329956,191.8000031,105.8399963,99.66999817
2018-01-11,175.27999880000004,1276.680054,194.6799927,107.4599991,100.01999659999998
2018-01-12,177.08999630000002,1305.199951,196.4199982,108.4599991,100.8700027
2018-01-16,176.1900024,1304.859985,196.3099976,107.5800018,100.6900024
2018-01-17,179.1000061,1295.0,199.8200073,108.9899979,102.6999969
2018-01-18,179.2599945,1293.319946,198.3300018,108.0500031,104.3000031
2018-01-19,178.46000669999995,1294.579956,201.3300018,107.7699966,104.5899963
2018-01-22,177.0,1327.310059,204.4600067,109.8799973,105.4499969
2018-01-23,177.03999330000005,1362.540039,204.8999939,108.8600006,105.9000015
2018-01-24,174.22000119999996,1357.51001,206.2200012,109.1200027,105.7900009
2018-01-25,171.1100006,1377.949951,205.3699951,109.1299973,106.5999985
2018-01-26,171.5099945,1402.050049,207.2299957,109.7099991,108.3899994
2018-01-29,167.96000669999995,1417.680054,204.9199982,109.3000031,109.5500031
2018-01-30,166.97000119999996,1437.819946,201.8099976,108.5199966,107.7300034
2018-01-31,167.4299927,1450.890015,200.8999939,106.6500015,106.5999985
2018-02-01,167.77999880000004,1390.0,199.8999939,106.8499985,105.5199966
2018-02-02,160.5,1429.949951,193.9700012,105.5100021,104.48000340000002
2018-02-05,156.4900055,1390.0,183.1100006,100.7399979,100.0899963
2018-02-06,163.02999880000004,1442.839966,191.0399933,103.0500031,100.9000015
2018-02-07,159.53999330000005,1416.780029,191.2899933,103.0800018,102.8499985
2018-02-08,155.1499939,1350.5,181.2200012,99.62000275,100.01999659999998
2018-02-09,156.41000369999998,1339.599976,184.1199951,101.8799973,99.37000275
2018-02-12,162.71000669999995,1386.22998,184.0599976,100.73000340000002,99.55000305
2018-02-13,164.33999630000002,1414.51001,183.7200012,100.9599991,100.98000340000002
2018-02-14,167.36999509999995,1451.050049,184.6900024,103.1100006,101.6999969
2018-02-15,172.9900055,1461.76001,185.2700043,101.6900024,103.23000340000002
2018-02-16,172.4299927,1448.689941,186.9700012,101.4700012,104.7799988
2018-02-20,171.8500061,1468.349976,186.7100067,100.6999969,94.11000061
2018-02-21,171.0700073,1482.920044,183.0599976,101.5,91.51999664
2018-02-22,172.5,1485.339966,185.4700012,101.7900009,92.76999664
2018-02-23,175.5,1500.0,188.3500061,104.1699982,92.88999939
2018-02-26,178.97000119999996,1521.949951,188.4600067,103.7099991,93.12000275
2018-02-27,178.3899994,1511.97998,184.9799957,102.4000015,91.51999664
2018-02-28,178.11999509999995,1512.449951,182.2700043,101.0400009,90.01000214
2018-03-01,175.0,1493.449951,179.6399994,101.4400024,89.08000183
2018-03-02,176.21000669999995,1500.25,178.46000669999995,101.6999969,88.76999664
2018-03-05,176.8200073,1523.609985,181.7400055,101.0299988,89.98000336
2018-03-06,176.66999819999995,1537.640015,181.6399994,101.3499985,89.05999756
2018-03-07,175.02999880000004,1545.0,178.58000180000005,100.5800018,87.73999786
2018-03-08,176.9400024,1551.859985,177.9400024,102.0899963,87.91999817
2018-03-09,179.9799957,1578.890015,182.1600037,101.7600021,88.72000122
2018-03-12,181.7200012,1598.390015,179.71000669999995,100.4199982,88.06999969
2018-03-13,179.97000119999996,1588.180054,178.3500061,101.2900009,88.30000305
2018-03-14,178.4400024,1591.0,177.41000369999998,101.01999659999998,87.66999817
2018-03-15,178.6499939,1582.319946,178.0700073,102.7099991,87.51000214
2018-03-16,178.0200043,1571.680054,178.96000669999995,97.51000214,89.16999817
2018-03-19,175.3000031,1544.930054,177.1000061,97.62000275,87.44999695
2018-03-20,175.2400055,1586.51001,178.16000369999998,97.76999664,87.94999695
2018-03-21,171.2700043,1581.859985,178.0200043,97.04000092,88.18000031
2018-03-22,168.8500061,1544.920044,175.28999330000005,95.16000366,87.13999939
2018-03-23,164.9400024,1495.560059,171.8000031,95.94000244,85.41999817
2018-03-26,172.7700043,1555.859985,176.38000490000005,97.79000092,87.5
2018-03-27,168.33999630000002,1497.050049,174.6799927,96.54000092,86.05000305
2018-03-28,166.4799957,1431.420044,174.7599945,98.02999878,87.76999664
2018-03-29,167.77999880000004,1447.339966,178.2400055,97.66000366,88.97000122
2018-04-02,166.6799927,1371.98999,172.8999939,94.87000275,85.55000305
2018-04-03,168.3899994,1392.050049,173.7599945,94.19999695,86.80000305
2018-04-04,171.6100006,1410.569946,177.4400024,96.55999756,87.22000122
2018-04-05,172.8000031,1451.75,179.13000490000005,98.12000275,87.80999756
2018-04-06,168.38000490000005,1405.22998,174.4499969,95.58000183,86.69000244
2018-04-09,170.0500031,1406.079956,172.5099945,96.05999756,86.27999878
2018-04-10,173.25,1436.219971,173.4900055,97.51999664,86.44999695
2018-04-11,172.4400024,1427.050049,172.8600006,97.69999695,85.91000366
2018-04-12,174.1399994,1448.5,173.3600006,98.44999695,85.43000031
2018-04-13,174.7299957,1430.790039,172.8000031,99.01999664,86.01999664
2018-04-16,175.8200073,1441.5,174.4299927,99.80999756,86.83999634
2018-04-17,178.2400055,1503.829956,174.91000369999998,100.51999659999998,87.90000153
2018-04-18,177.83999630000002,1527.839966,179.8500061,100.0,87.56999969
2018-04-19,172.8000031,1556.910034,177.08000180000005,98.02999878,87.88999939
2018-04-20,165.72000119999996,1527.48999,177.0099945,98.83999634,86.98000336
2018-04-23,165.2400055,1517.859985,177.66000369999998,100.48000340000002,86.09999847
2018-04-24,162.9400024,1460.089966,176.2599945,99.55999756,86.52999878
2018-04-25,163.6499939,1460.170044,177.3899994,100.8199997,87.16999817
2018-04-26,164.22000119999996,1517.959961,185.7200012,101.5100021,87.94000244
2018-04-27,162.3200073,1572.619995,186.4600067,103.3199997,87.29000092
2018-04-30,165.2599945,1566.130005,184.8000031,102.8300018,88.45999908
2018-05-01,169.1000061,1582.26001,184.6300049,101.5899963,87.41000366
2018-05-02,176.5700073,1569.680054,185.9100037,101.6800003,86.33999634
2018-05-03,176.8899994,1572.079956,183.1900024,102.3199997,86.23000336
2018-05-04,183.8300018,1580.949951,185.0299988,103.0100021,87.52999878
2018-05-07,185.1600037,1600.140015,183.5599976,102.0800018,85.47000122
2018-05-08,186.0500031,1592.390015,185.0399933,102.4100037,85.73999786
2018-05-09,187.3600006,1608.0,186.3600006,103.3600006,83.05999756
2018-05-10,190.0399933,1609.079956,187.1600037,103.5800018,82.69000244
2018-05-11,188.5899963,1602.910034,190.3099976,103.75,83.37999725
2018-05-14,188.1499939,1601.540039,191.0800018,102.9899979,84.38999939
2018-05-15,186.4400024,1576.119995,187.9799957,101.8799973,84.51999664
2018-05-16,188.1799927,1587.280029,186.3800049,104.0500031,86.12999725
2018-05-17,186.9900055,1581.76001,185.3300018,104.1800003,84.48999786
2018-05-18,186.3099976,1574.369995,187.4199982,103.3499985,83.63999939
2018-05-21,187.6300049,1585.459961,189.7899933,103.2399979,84.51000214
2018-05-22,187.1600037,1581.400024,186.8699951,102.2399979,83.37000275
2018-05-23,188.3600006,1601.859985,186.6699982,126.0500031,83.01000214
2018-05-24,188.1499939,1603.069946,187.1499939,126.4400024,82.84999847
2018-05-25,188.5800018,1610.150024,186.8500061,129.2100067,82.45999908
2018-05-29,187.8999939,1612.869995,185.0,129.13000490000002,82.40000153
2018-05-30,187.5,1624.890015,187.0899963,130.6999969,84.12000275
2018-05-31,186.8699951,1629.619995,186.5500031,130.7799988,82.54000092
2018-06-01,190.2400055,1641.540039,187.3500061,132.4299927,82.98999786
2018-06-04,191.8300018,1665.27002,191.3600006,133.61999509999998,85.41999817
2018-06-05,193.3099976,1696.3499760000002,191.9400024,133.88000490000002,84.62000275
2018-06-06,193.9799957,1695.75,193.5899963,133.9100037,84.55999756
2018-06-07,193.4600067,1689.300049,196.1699982,131.9900055,84.94999695
2018-06-08,191.6999969,1683.9899899999998,198.3300018,132.1900024,84.36000061
2018-06-11,191.2299957,1689.119995,199.6399994,133.5899963,84.30000305
2018-06-12,192.2799988,1698.75,201.3099976,135.97000119999998,84.09999847
2018-06-13,190.6999969,1704.859985,200.3099976,136.0200043,84.08999634
2018-06-14,190.8000031,1723.859985,199.6699982,135.66999819999998,83.79000092
2018-06-15,188.8399963,1715.969971,200.5399933,136.2700043,83.69999695
2018-06-18,188.7400055,1723.790039,200.6900024,137.8899994,83.0
2018-06-19,185.6900024,1734.780029,199.2100067,136.0700073,83.61000061
2018-06-20,186.5,1750.0799559999996,199.0800018,135.36999509999998,83.61000061
2018-06-21,185.4600067,1730.219971,200.3099976,135.0,84.20999908
2018-06-22,184.9199982,1715.6700440000004,197.4100037,133.6699982,84.81999969
2018-06-25,182.1699982,1663.150024,196.3800049,133.0700073,86.47000122
2018-06-26,184.4299927,1691.089966,196.3600006,133.6100006,85.98000336
2018-06-27,184.1600037,1660.51001,195.0200043,132.3099976,86.88999939
2018-06-28,185.5,1701.449951,195.2100067,131.3899994,85.86000061
2018-06-29,185.1100006,1699.800049,195.1000061,131.6000061,85.65000153
2018-07-02,187.1799927,1713.780029,194.0200043,131.0599976,84.0
2018-07-03,183.9199982,1693.959961,193.6199951,132.0500031,84.44000244
2018-07-05,185.3999939,1699.72998,194.4100037,133.0,84.56999969
2018-07-06,187.9700012,1710.630005,194.4799957,133.6699982,84.51000214
2018-07-09,190.5800018,1739.02002,196.0800018,132.1600037,85.93000031
2018-07-10,190.3500061,1743.069946,197.6100006,133.1100006,87.20999908
2018-07-11,187.8800049,1755.0,196.9499969,131.3200073,86.52999878
2018-07-12,191.0299988,1796.619995,197.9499969,131.7599945,86.51999664
2018-07-13,191.3300018,1813.030029,198.6900024,132.25,87.69999695
2018-07-16,190.9100037,1822.48999,198.8800049,132.7100067,87.63999939
2018-07-17,191.4499969,1843.930054,201.1000061,134.3099976,88.19000244
2018-07-18,190.3999939,1842.920044,200.9700012,134.6000061,88.06999969
2018-07-19,191.8800049,1812.969971,202.6300049,136.1100006,87.72000122
2018-07-20,191.4400024,1813.699951,202.4499969,136.36999509999998,88.05999756
2018-07-23,191.6100006,1802.0,202.2299957,138.13000490000002,87.62999725
2018-07-24,193.0,1829.23999,201.9900055,137.9299927,87.95999908
2018-07-25,194.8200073,1863.609985,201.0,139.5,87.90000153
2018-07-26,194.2100067,1808.0,199.3999939,139.0700073,88.23000336
2018-07-27,190.9799957,1817.27002,197.1399994,136.6799927,88.12999725
2018-07-30,189.9100037,1779.219971,197.2799988,136.2599945,88.87999725
2018-07-31,190.2899933,1777.439941,197.5200043,137.5599976,89.23000336
2018-08-01,201.5,1797.1700440000004,196.3000031,136.0200043,88.23999786
2018-08-02,207.3899994,1834.329956,195.6600037,136.8899994,88.76000214
2018-08-03,207.9900055,1823.290039,195.6399994,135.8000031,89.59999847
2018-08-06,209.0700073,1847.75,195.6900024,135.7700043,89.66999817
2018-08-07,207.1100006,1862.47998,197.0500031,137.03999330000002,89.76999664
2018-08-08,207.25,1886.52002,198.0200043,136.8899994,90.05000305
2018-08-09,208.8800049,1898.52002,198.0800018,137.1000061,89.01000214
2018-08-10,207.5299988,1886.300049,196.3000031,134.33999630000002,90.18000031
2018-08-13,208.8699951,1896.199951,194.1399994,130.8899994,89.63999939
2018-08-14,209.75,1919.650024,193.1000061,131.8399963,90.84999847
2018-08-15,210.2400055,1882.619995,193.9900055,125.6600037,90.22000122
2018-08-16,213.32000730000004,1886.52002,195.3899994,127.4000015,98.63999939
2018-08-17,217.5800018,1882.219971,195.5599976,128.5599976,97.84999847
2018-08-20,215.4600067,1876.709961,197.9299927,131.6999969,96.0
2018-08-21,215.0399933,1883.420044,200.2299957,131.8999939,96.08000183
2018-08-22,215.0500031,1904.900024,198.9700012,129.7700043,95.66999817
2018-08-23,215.4900055,1902.900024,200.1600037,129.8300018,95.18000031
2018-08-24,216.1600037,1905.390015,201.3000031,131.4499969,94.94999695
2018-08-27,217.94000240000003,1927.680054,201.9799957,129.7799988,94.54000092
2018-08-28,219.6999969,1932.819946,201.9700012,131.0700073,96.06999969
2018-08-29,222.9799957,1998.099976,201.6799927,125.4800034,95.63999939
2018-08-30,225.0299988,2002.380005,199.2599945,123.1100006,96.09999847
2018-08-31,227.6300049,2012.709961,200.7700043,122.6500015,95.86000061
2018-09-04,228.3600006,2039.51001,205.0800018,122.75,95.36000061
2018-09-05,226.8699951,1994.819946,204.1499939,120.7200012,96.62000275
2018-09-06,223.1000061,1958.310059,205.8899994,123.3700027,96.44999695
2018-09-07,221.3000031,1952.069946,206.2299957,122.8700027,95.83000183
2018-09-10,218.3300018,1939.01001,210.69000240000003,124.3199997,96.90000153
2018-09-11,223.8500061,1987.150024,213.8500061,123.3700027,96.63999939
2018-09-12,221.07000730000004,1990.0,211.9799957,124.7399979,95.97000122
2018-09-13,226.4100037,1989.869995,209.4499969,126.0299988,95.12000275
2018-09-14,223.8399963,1970.189941,209.0700073,128.6900024,94.58999634
2018-09-17,217.8800049,1908.030029,208.3999939,125.8799973,94.81999969
2018-09-18,218.2400055,1941.050049,211.0200043,125.1200027,95.43000031
2018-09-19,218.3699951,1926.420044,211.6799927,124.7300034,95.23999786
2018-09-20,220.0299988,1944.300049,211.0599976,127.0500031,95.75
2018-09-21,217.6600037,1915.01001,212.3899994,126.6200027,95.90000153
2018-09-24,220.7899933,1934.359985,207.9900055,125.5899963,94.91999817
2018-09-25,222.19000240000003,1974.550049,207.4600067,126.2399979,95.09999847
2018-09-26,220.4199982,1974.849976,207.5200043,129.2100067,94.58999634
2018-09-27,224.9499969,2012.97998,206.8399963,128.5500031,94.12999725
2018-09-28,225.7400055,2003.0,207.1499939,128.9700012,93.91000366
2018-10-01,227.2599945,2004.359985,207.6000061,128.3500061,94.40000153
2018-10-02,229.2799988,1971.310059,204.75,125.2799988,95.15000153
2018-10-03,232.07000730000004,1952.76001,203.7400055,124.4499969,94.06999969
2018-10-04,227.9900055,1909.420044,198.8500061,120.75,94.20999908
2018-10-05,224.2899933,1889.650024,196.3800049,122.0,93.30999756
2018-10-08,223.7700043,1864.420044,198.4100037,121.8799973,94.69000244
2018-10-09,226.8699951,1870.319946,195.75,122.9499969,97.08000183
2018-10-10,216.3600006,1755.25,193.6999969,110.3799973,95.76000214
2018-10-11,214.4499969,1719.359985,189.7400055,111.4499969,93.91999817
2018-10-12,222.1100006,1788.609985,192.4700012,112.8399963,94.80999756
2018-10-15,217.3600006,1760.949951,191.1699982,112.3199997,93.81999969
2018-10-16,222.14999390000003,1819.959961,193.5800018,114.6600037,95.80999756
2018-10-17,221.19000240000003,1831.72998,185.1699982,112.0,96.55999756
2018-10-18,216.0200043,1770.719971,180.4400024,109.6200027,96.16999817
2018-10-19,219.3099976,1764.030029,179.8500061,107.0100021,97.15000153
2018-10-22,220.64999390000003,1789.300049,178.75,108.0100021,97.13999939
2018-10-23,222.7299957,1768.699951,178.52999880000004,107.8700027,97.80000305
2018-10-24,215.0899963,1664.199951,176.97000119999996,106.7200012,97.55999756
2018-10-25,219.8000031,1782.1700440000004,179.0700073,107.2900009,99.18000031
2018-10-26,216.3000031,1642.810059,172.2299957,106.9300003,98.94000244
2018-10-29,212.2400055,1538.880005,173.1999969,107.5,99.80000305
2018-10-30,213.3000031,1530.420044,176.2400055,109.5999985,102.4199982
2018-10-31,218.8600006,1598.01001,175.88000490000005,111.3000031,100.2799988
2018-11-01,222.2200012,1665.530029,180.4600067,115.3300018,100.5800018
2018-11-02,207.4799957,1665.530029,179.9299927,115.9199982,101.3399963
2018-11-05,201.5899963,1627.800049,182.1900024,116.4300003,102.9100037
2018-11-06,203.7700043,1642.810059,182.0099945,115.2099991,103.3300018
2018-11-07,209.9499969,1755.4899899999998,187.2299957,117.0299988,104.3199997
2018-11-08,208.4900055,1754.910034,188.0,116.5599976,104.8799973
2018-11-09,204.4700012,1712.430054,185.9900055,110.3600006,105.5599976
2018-11-12,194.1699982,1636.849976,179.4299927,109.0999985,103.8700027
2018-11-13,192.2299957,1631.170044,179.0,108.2099991,102.9400024
2018-11-14,186.8000031,1599.01001,179.8999939,105.5699997,101.5299988
2018-11-15,191.4100037,1619.439941,177.3600006,105.9599991,99.54000092
2018-11-16,193.5299988,1593.410034,177.0200043,106.4899979,97.69000244
2018-11-19,185.8600006,1512.290039,173.58999630000002,102.48000340000002,96.77999878
2018-11-20,176.9799957,1495.459961,169.0500031,100.1399994,94.16000366
2018-11-21,176.77999880000004,1516.72998,169.3000031,102.3499985,94.16999817
2018-11-23,172.28999330000005,1502.060059,168.8500061,102.4100037,95.09999847
2018-11-26,174.61999509999995,1581.329956,169.8200073,106.3700027,95.15000153
2018-11-27,174.2400055,1581.420044,173.22000119999996,104.9499969,95.04000092
2018-11-28,180.9400024,1677.75,177.4299927,92.54000092,97.45999908
2018-11-29,179.5500031,1673.569946,175.66000369999998,89.76999664,97.29000092
2018-11-30,178.58000180000005,1690.1700440000004,180.3200073,91.0,97.65000153
2018-12-03,184.8200073,1772.359985,181.7400055,94.65000153,98.75
2018-12-04,176.6900024,1668.400024,175.3000031,90.88999939,95.80999756
2018-12-06,174.72000119999996,1699.189941,175.96000669999995,88.51999664,94.76999664
2018-12-07,168.4900055,1629.130005,172.78999330000005,86.01999664,93.19000244
2018-12-10,169.6000061,1641.030029,171.6900024,85.11000061,93.94000244
2018-12-11,168.63000490000005,1643.23999,172.21000669999995,84.18000031,93.84999847
2018-12-12,169.1000061,1663.540039,174.21000669999995,85.94000244,93.11000061
2018-12-13,170.9499969,1658.380005,173.86999509999995,83.76000214,92.95999908
2018-12-14,165.4799957,1591.910034,172.28999330000005,82.66000366,91.84999847
2018-12-17,163.9400024,1520.910034,167.97000119999996,80.69000244,90.76999664
2018-12-18,166.0700073,1551.47998,170.03999330000005,80.09999847,91.08000183
2018-12-19,160.8899994,1495.079956,167.5599976,77.76999664,90.55000305
2018-12-20,156.83000180000005,1460.829956,164.16000369999998,78.13999939,87.27999878
2018-12-21,150.7299957,1377.449951,160.4799957,75.77999878,87.12999725
2018-12-24,146.83000180000005,1343.959961,158.1399994,74.20999908,85.81999969
2018-12-26,157.16999819999995,1470.900024,168.27999880000004,77.80000305,90.41000366
2018-12-27,156.1499939,1461.640015,170.3200073,78.90000153,91.58999634
2018-12-28,156.2299957,1478.02002,170.22000119999996,79.12000275,92.12999725
2018-12-31,157.7400055,1501.969971,171.8200073,80.51000214,93.15000153
2019-01-02,157.91999819999995,1539.130005,172.41000369999998,81.83000183,93.33999634
2019-01-03,142.1900024,1500.280029,168.6100006,79.58999634,92.86000061
2019-01-04,148.2599945,1575.390015,173.61999509999995,82.37999725,93.44000244
2019-01-07,147.9299927,1629.51001,177.03999330000005,85.90000153,94.54000092
2019-01-08,150.75,1656.579956,177.8899994,86.97000122,95.19999695
2019-01-09,153.3099976,1659.420044,179.7299957,86.48000336,94.88999939
2019-01-10,153.8000031,1656.219971,179.0599976,84.95999908,94.95999908
2019-01-11,152.28999330000005,1640.560059,179.41000369999998,85.81999969,94.83999634
2019-01-14,150.0,1617.209961,178.8099976,85.36000061,94.94999695
2019-01-15,153.0700073,1674.560059,176.47000119999996,84.56999969,96.25
2019-01-16,154.9400024,1683.780029,177.03999330000005,84.01000214,96.34999847
2019-01-17,155.8600006,1693.219971,174.86999509999995,85.26000214,96.73999786
2019-01-18,156.8200073,1696.199951,179.58000180000005,89.81999969,97.73000336
2019-01-22,153.3000031,1632.170044,177.1100006,87.59999847,97.48999786
2019-01-23,153.91999819999995,1640.02002,176.8899994,87.33999634,98.70999908
2019-01-24,152.6999969,1654.930054,177.28999330000005,87.51999664,98.36000061
2019-01-25,157.7599945,1670.569946,180.3999939,88.87999725,96.94000244
2019-01-28,156.3000031,1637.890015,179.83000180000005,88.19000244,97.05999756
2019-01-29,154.6799927,1593.880005,179.6900024,87.59999847,96.70999908
2019-01-30,165.25,1670.430054,182.1799927,87.98000336,94.80000305
2019-01-31,166.4400024,1718.72998,183.5299988,88.73000336,95.83000183
2019-02-01,166.5200043,1626.22998,184.3699951,88.19999695,93.86000061
2019-02-04,171.25,1633.310059,186.4299927,88.37999725,94.76999664
2019-02-05,174.1799927,1658.810059,186.3899994,89.62999725,95.59999847
2019-02-06,174.2400055,1640.26001,184.7200012,89.66000366,95.63999939
2019-02-07,170.9400024,1614.369995,184.0700073,88.56999969,96.73000336
2019-02-08,170.41000369999998,1588.219971,184.5399933,88.08000183,95.58000183
2019-02-11,169.4299927,1591.0,182.9199982,87.84999847,96.19999695
2019-02-12,170.8899994,1638.01001,185.5200043,89.73000336,96.97000122
2019-02-13,170.1799927,1640.0,188.4100037,90.93000031,97.94000244
2019-02-14,170.8000031,1622.650024,187.7100067,90.33000183,98.51999664
2019-02-15,170.41999819999995,1607.949951,192.3899994,90.83000183,99.98999786
2019-02-19,170.9299927,1627.579956,192.3300018,90.37999725,102.1999969
2019-02-20,172.02999880000004,1622.099976,191.8500061,91.62000275,99.87999725
2019-02-21,171.0599976,1619.439941,191.8200073,91.48999786,99.38999939
2019-02-22,172.97000119999996,1631.560059,192.3899994,92.69999695,99.55000305
2019-02-25,174.2299957,1633.0,189.9799957,94.01000214,99.12000275
2019-02-26,174.33000180000005,1636.400024,188.3000031,94.88999939,98.69000244
2019-02-27,174.86999509999995,1641.089966,183.6699982,95.77999878,98.11000061
2019-02-28,173.1499939,1639.829956,185.1399994,95.04000092,98.98999786
2019-03-01,174.97000119999996,1671.72998,185.1699982,95.93000031,97.93000031
2019-03-04,175.8500061,1696.1700440000004,183.8099976,94.59999847,97.84999847
2019-03-05,175.52999880000004,1692.430054,184.0,94.87000275,98.33999634
2019-03-06,174.5200043,1668.949951,184.4499969,94.79000092,98.26000214
2019-03-07,172.5,1625.949951,182.5099945,94.48999786,97.44999695
2019-03-08,172.91000369999998,1620.800049,181.2299957,94.33000183,97.58999634
2019-03-11,178.8999939,1670.619995,182.4400024,96.27999878,98.48000336
2019-03-12,180.9100037,1673.099976,184.0,95.87000275,98.37000275
2019-03-13,181.7100067,1690.810059,181.1399994,96.55000305,99.02999878
2019-03-14,183.7299957,1686.219971,181.6100006,95.47000122,98.22000122
2019-03-15,186.1199951,1712.359985,182.2299957,96.55999756,98.41999817
2019-03-18,188.0200043,1742.1500239999998,183.4199982,97.34999847,99.66000366
2019-03-19,186.5299988,1761.8499760000002,184.1300049,97.01999664,99.84999847
2019-03-20,188.1600037,1797.27002,186.1000061,97.06999969,98.63999939
2019-03-21,195.0899963,1819.26001,189.9700012,100.0599976,99.05999756
2019-03-22,191.0500031,1764.77002,188.75,103.2099991,98.27999878
2019-03-25,188.7400055,1774.2600100000002,189.6799927,102.8000031,98.16999817
2019-03-26,186.7899933,1783.7600100000002,189.3399963,103.1299973,98.31999969
2019-03-27,188.4700012,1765.699951,189.25,104.4199982,97.20999908
2019-03-28,188.7200012,1773.4200440000004,190.0599976,104.7900009,97.12999725
2019-03-29,189.9499969,1780.75,191.8899994,105.5500031,97.52999878
2019-04-01,191.2400055,1814.189941,195.6399994,105.8099976,97.81999969
2019-04-02,194.0200043,1813.97998,194.3099976,106.2099991,96.94000244
2019-04-03,195.3500061,1820.699951,198.6100006,106.9000015,97.19000244
2019-04-04,195.6900024,1818.859985,200.4499969,107.3000031,98.11000061
2019-04-05,197.0,1837.280029,202.0599976,107.5,98.83000183
2019-04-08,200.1000061,1849.859985,203.5500031,106.6200027,99.23000336
2019-04-09,199.5,1835.839966,200.8999939,105.7200012,98.69000244
2019-04-10,200.6199951,1847.329956,199.4299927,105.8799973,99.59999847
2019-04-11,198.9499969,1844.069946,201.4799957,106.0400009,100.8000031
2019-04-12,198.8699951,1843.060059,203.8500061,106.1800003,101.5599976
2019-04-15,199.2299957,1844.869995,204.8600006,105.8700027,102.4300003
2019-04-16,199.25,1863.040039,204.4700012,107.2300034,102.9300003
2019-04-17,203.1300049,1864.819946,206.5500031,106.1800003,103.1600037
2019-04-18,203.8600006,1861.689941,205.6600037,107.1200027,103.1800003
2019-04-22,204.5299988,1887.310059,204.7799988,105.7200012,102.3700027
2019-04-23,207.4799957,1923.77002,206.0500031,107.7399979,103.0699997
2019-04-24,207.1600037,1901.75,206.7200012,106.75,103.5299988
2019-04-25,205.2799988,1902.25,206.5,104.8199997,103.51999659999998
2019-04-26,204.3000031,1950.630005,203.6100006,107.7399979,101.5299988
2019-04-29,204.6100006,1938.430054,202.1600037,107.5999985,101.5599976
2019-04-30,200.6699982,1926.52002,203.6999969,107.8199997,102.8399963
2019-05-01,210.5200043,1911.52002,198.8000031,106.3300018,101.3600006
2019-05-02,209.1499939,1900.819946,201.0099945,107.9000015,101.1500015
2019-05-03,211.75,1962.459961,200.5599976,109.5500031,102.0800018
2019-05-06,208.4799957,1950.550049,199.6300049,105.6100006,102.4599991
2019-05-07,202.8600006,1921.0,194.7700043,103.9700012,101.3000031
2019-05-08,202.8999939,1917.77002,195.1699982,105.7399979,100.3000031
2019-05-09,200.7200012,1899.869995,194.5800018,104.9199982,99.54000092
2019-05-10,197.1799927,1889.97998,194.5800018,104.8499985,101.9100037
2019-05-13,185.7200012,1822.680054,190.3399963,97.68000031,99.88999939
2019-05-14,188.6600037,1840.119995,191.6199951,98.33999634,100.2900009
2019-05-15,190.9199982,1871.150024,191.7599945,98.36000061,99.87999725
2019-05-16,190.0800018,1907.569946,192.3800049,99.44000244,101.3099976
2019-05-17,189.0,1869.0,192.5800018,96.01999664,100.8600006
2019-05-20,183.0899963,1858.969971,190.9499969,95.38999939,101.51999659999998
2019-05-21,186.6000061,1857.52002,191.4499969,97.86000061,101.1200027
2019-05-22,182.7799988,1859.680054,188.9100037,98.51000214,102.23000340000002
2019-05-23,179.66000369999998,1815.47998,192.0,95.37999725,101.8600006
2019-05-24,178.97000119999996,1823.280029,193.5899963,93.65000153,102.6699982
2019-05-28,178.2299957,1836.430054,191.5500031,91.19000244,102.4199982
2019-05-29,177.38000490000005,1819.189941,189.9900055,90.81999969,102.1200027
2019-05-30,178.3000031,1816.319946,191.0800018,90.05000305,102.1900024
2019-05-31,175.0700073,1775.069946,189.8500061,89.11000061,101.4400024
2019-06-03,173.3000031,1692.689941,189.5700073,90.16999817,101.9599991
2019-06-04,179.6399994,1729.560059,195.25,92.51000214,102.5599976
2019-06-05,182.5399933,1738.5,196.6900024,92.44999695,104.4199982
2019-06-06,185.2200012,1754.359985,197.1699982,91.19000244,105.1100006
2019-06-07,190.1499939,1804.030029,197.3000031,90.47000122,106.0599976
2019-06-10,192.5800018,1860.630005,198.0500031,92.13999939,107.5199966
2019-06-11,194.8099976,1863.699951,198.0099945,92.08999634,107.9400024
2019-06-12,194.1900024,1855.319946,198.9400024,91.40000153,108.8199997
2019-06-13,194.1499939,1870.300049,202.3500061,91.16000366,108.6500015
2019-06-14,192.7400055,1869.670044,205.7700043,91.01999664,109.0699997
2019-06-17,193.8899994,1886.030029,206.9799957,91.43000031,109.1600037
2019-06-18,198.4499969,1901.369995,207.4799957,92.04000092,109.6500015
2019-06-19,197.8699951,1908.790039,207.9400024,92.77999878,109.6200027
2019-06-20,199.4600067,1918.189941,211.25,96.12000275,110.3199997
2019-06-21,198.7799988,1911.300049,209.3899994,93.62000275,111.1299973
2019-06-24,198.5800018,1913.900024,205.5,91.84999847,111.2399979
2019-06-25,195.5700073,1878.27002,204.7400055,91.23999786,110.7200012
2019-06-26,199.8000031,1897.829956,206.4199982,91.94000244,110.1600037
2019-06-27,199.7400055,1904.280029,207.0200043,91.98000336,110.0999985
2019-06-28,197.9199982,1893.630005,207.9700012,93.63999939,110.4899979
2019-07-01,201.5500031,1922.189941,210.2799988,94.27999878,110.6200027
2019-07-02,202.7299957,1934.310059,210.1399994,92.19999695,111.5999985
2019-07-03,204.4100037,1939.0,212.1000061,93.59999847,112.3199997
2019-07-05,204.2299957,1942.910034,211.4600067,94.48000336,111.9800034
2019-07-08,200.0200043,1952.319946,212.9100037,93.76999664,112.7200012
2019-07-09,201.2400055,1988.300049,212.0,93.11000061,112.8799973
2019-07-10,203.2299957,2017.410034,210.75,92.76999664,112.9800034
2019-07-11,201.75,2001.069946,214.0399933,94.12999725,113.9199982
2019-07-12,203.3000031,2011.0,218.2299957,94.66000366,114.5999985
2019-07-15,205.2100067,2020.98999,218.6999969,93.81999969,114.9800034
2019-07-16,204.5,2009.900024,217.2599945,94.02999878,114.7600021
2019-07-17,203.3500061,1992.030029,215.6100006,93.29000092,114.5999985
2019-07-18,205.6600037,1977.900024,214.44000240000003,93.16000366,114.7200012
2019-07-19,202.5899963,1964.52002,213.0399933,92.66999817,113.9000015
2019-07-22,207.2200012,1985.630005,211.2700043,91.73000336,112.8199997
2019-07-23,208.8399963,1994.48999,213.0800018,92.52999878,112.0899963
2019-07-24,208.6699982,2000.810059,214.7100067,94.43000031,112.0
2019-07-25,207.0200043,1973.819946,215.5500031,93.58999634,112.2200012
2019-07-26,207.7400055,1943.050049,216.9100037,93.26999664,113.0199966
2019-07-29,209.6799927,1912.449951,218.0399933,92.93000031,112.2699966
2019-07-30,208.7799988,1898.530029,217.3600006,94.12000275,112.0599976
2019-07-31,213.0399933,1866.780029,213.69000240000003,93.91999817,110.3799973
2019-08-01,208.4299927,1855.319946,212.8300018,91.23000336,109.3799973
2019-08-02,204.0200043,1823.23999,212.14999390000003,90.08000183,109.4000015
2019-08-05,193.3399963,1765.130005,204.9400024,87.86000061,105.8199997
2019-08-06,197.0,1787.8299559999996,208.8000031,88.59999847,107.2699966
2019-08-07,199.0399933,1793.4000239999998,207.9100037,88.83999634,108.1999969
2019-08-08,203.4299927,1832.890015,211.57000730000004,91.16000366,108.5199966
2019-08-09,200.9900055,1807.579956,210.0200043,89.55999756,107.2799988
2019-08-12,200.4799957,1784.9200440000004,207.0099945,87.04000092,105.2200012
2019-08-13,208.9700012,1824.339966,208.3300018,87.83999634,107.4100037
2019-08-14,202.75,1762.959961,201.5899963,82.73000336,106.1999969
2019-08-15,201.7400055,1776.119995,201.7899933,80.56999969,112.6900024
2019-08-16,206.5,1792.569946,203.6499939,80.80000305,112.9899979
2019-08-19,210.3500061,1816.119995,207.9499969,82.08999634,113.8099976
2019-08-20,210.3600006,1801.380005,217.0899963,82.26000214,112.0500031
2019-08-21,212.6399994,1823.540039,220.39999390000003,84.52999878,112.0199966
2019-08-22,212.4600067,1804.660034,221.0200043,85.33999634,111.9100037
2019-08-23,202.6399994,1749.619995,217.4700012,81.31999969,110.8300018
2019-08-26,206.4900055,1768.869995,218.64999390000003,83.08000183,111.9899979
2019-08-27,204.1600037,1761.8299559999996,218.2100067,82.66999817,112.4199982
2019-08-28,205.5299988,1764.25,221.9499969,85.16999817,112.7200012
2019-08-29,209.0099945,1786.4000239999998,227.32000730000004,85.54000092,114.0800018
2019-08-30,208.7400055,1776.290039,227.9100037,84.87000275,114.2600021
2019-09-03,205.6999969,1789.839966,224.07000730000004,82.48999786,114.6399994
2019-09-04,209.1900024,1800.619995,224.14999390000003,84.52999878,115.9100037
2019-09-05,213.2799988,1840.719971,228.14999390000003,88.19000244,115.4400024
2019-09-06,213.2599945,1833.51001,231.1300049,88.22000122,114.7300034
2019-09-09,214.1699982,1831.349976,232.8699951,91.27999878,116.3300018
2019-09-10,216.6999969,1820.550049,233.0,94.01000214,116.0500031
2019-09-11,223.5899963,1822.98999,232.6600037,95.05000305,116.0199966
2019-09-12,223.0899963,1843.550049,233.8000031,96.61000061,116.9199982
2019-09-13,218.75,1839.339966,233.9799957,98.27999878,117.4300003
2019-09-16,219.89999390000003,1807.839966,230.9900055,96.40000153,115.5699997
2019-09-17,220.6999969482422,1822.550048828125,230.2100067138672,95.26000213623048,116.51000213623048
2019-09-18,222.7700042724609,1817.4599609375,230.8300018310547,93.41999816894531,117.16000366210938
