Date,Price,Open,High,Low,Vol.,Change
08-02-2013,3507.38,3483.61,3510.15,3483.61,-,0.69
11-02-2013,3497.03,3507.38,3508.82,3492.29,-,-0.3
12-02-2013,3500.73,3497.03,3506.87,3493.26,-,0.11
13-02-2013,3495.68,3505.02,3519.05,3485.86,-,-0.14
14-02-2013,3494.2,3495.53,3505.17,3467.07,-,-0.04
15-02-2013,3484.38,3494.2,3536.62,3456.05,-,-0.28
19-02-2013,3545.92,3484.57,3554.88,3484.57,-,1.77
20-02-2013,3484.09,3545.92,3551.32,3481.42,-,-1.74
21-02-2013,3469.74,3484.09,3508.35,3456.26,-,-0.41
22-02-2013,3472.53,3470.45,3486.84,3446.88,-,0.08
25-02-2013,3400.81,3481.05,3482.87,3400.8,-,-2.07
26-02-2013,3412.81,3400.81,3433.54,3378.61,-,0.35
27-02-2013,3468.78,3412.81,3481.58,3412.81,-,1.64
28-02-2013,3464.37,3468.78,3488.9,3449.55,-,-0.13
01-03-2013,3477.35,3464.37,3477.4,3438.65,-,0.37
04-03-2013,3502.16,3477.35,3505.49,3469.96,-,0.71
05-03-2013,3544.15,3502.16,3547.5,3502.16,-,1.2
06-03-2013,3528.87,3544.15,3551.24,3522.46,-,-0.43
07-03-2013,3551.03,3528.87,3556.77,3518.31,-,0.63
08-03-2013,3582.24,3551.9,3584.89,3547.83,-,0.88
11-03-2013,3578.6,3582.24,3583.86,3560.73,-,-0.1
12-03-2013,3570.42,3577.59,3587.94,3564.55,-,-0.23
13-03-2013,3618.36,3570.76,3620.66,3570.76,-,1.34
14-03-2013,3641.09,3618.36,3648.1,3618.36,-,0.63
15-03-2013,3630.57,3641.09,3643.64,3613.98,-,-0.29
18-03-2013,3614.4,3630.19,3630.19,3599.24,-,-0.45
19-03-2013,3575.92,3614.43,3622.58,3546.05,-,-1.06
20-03-2013,3630.9,3577.55,3635.92,3577.55,-,1.54
21-03-2013,3597.38,3630.16,3630.16,3576.53,-,-0.92
22-03-2013,3624.04,3597.38,3631.62,3597.38,-,0.74
25-03-2013,3622.39,3624.13,3649.45,3606.8,-,-0.05
26-03-2013,3623.87,3622.39,3631.32,3606.09,-,0.04
27-03-2013,3618.91,3622.45,3622.45,3593.18,-,-0.14
28-03-2013,3628.4,3618.77,3633.11,3614.49,-,0.26
01-04-2013,3591.88,3628.4,3634.5,3586.87,-,-1.01
02-04-2013,3601.24,3591.88,3621.39,3591.88,-,0.26
03-04-2013,3560.12,3601.24,3612.74,3547.29,-,-1.14
04-04-2013,3617.71,3562.03,3618.23,3560.13,-,1.62
05-04-2013,3616.35,3617.71,3617.71,3558.52,-,-0.04
08-04-2013,3645.26,3616.35,3645.28,3604.38,-,0.8
09-04-2013,3625.81,3645.26,3647.25,3617.69,-,-0.53
10-04-2013,3686.84,3626.21,3688.34,3626.21,-,1.68
11-04-2013,3762.04,3686.74,3782.93,3686.74,-,2.04
12-04-2013,3763.93,3751.69,3769.16,3733.07,-,0.05
15-04-2013,3644.31,3763.71,3763.71,3635.54,-,-3.18
16-04-2013,3682.04,3644.31,3684.32,3644.31,-,1.04
17-04-2013,3627.84,3682.04,3682.04,3599.23,-,-1.47
18-04-2013,3592.59,3627.98,3641.64,3577.94,-,-0.97
19-04-2013,3634.06,3592.81,3638.08,3589.63,-,1.15
22-04-2013,3646.56,3634.06,3655.55,3602.39,-,0.34
23-04-2013,3691.73,3646.56,3694.99,3646.56,-,1.24
24-04-2013,3719.27,3691.72,3719.34,3681.17,-,0.75
25-04-2013,3780.42,3720.36,3800.24,3720.36,-,1.64
26-04-2013,3764.78,3780.42,3780.42,3751.79,-,-0.41
29-04-2013,3766.24,3765.33,3784.67,3759.49,-,0.04
30-04-2013,3787.99,3766.23,3789.01,3763.49,-,0.58
01-05-2013,3737.87,3787.34,3789.31,3736.6,-,-1.32
02-05-2013,3783.89,3738.06,3785.25,3738.06,-,1.23
03-05-2013,3845.16,3783.89,3861.62,3783.89,-,1.62
06-05-2013,3841.5,3845.01,3853.69,3831.56,-,-0.1
07-05-2013,3879.24,3847.13,3879.42,3829.29,-,0.98
08-05-2013,3886.49,3878.9,3894.28,3868.02,-,0.19
09-05-2013,3886.52,3886.49,3911.95,3878.17,-,0
10-05-2013,3941.39,3889.06,3941.42,3889.06,-,1.41
13-05-2013,3928.25,3934.37,3946.39,3917.23,-,-0.33
14-05-2013,3986.72,3930.17,3988.99,3930.14,-,1.49
15-05-2013,4009.99,3983.93,4023.26,3982.19,-,0.58
16-05-2013,3966.07,4007.12,4015.01,3948.59,-,-1.1
17-05-2013,4010.11,3974.72,4017.53,3967,-,1.11
20-05-2013,4028.64,4004.7,4041.05,4000.33,-,0.46
21-05-2013,4057.83,4031.16,4069.41,4031.16,-,0.72
22-05-2013,4018.82,4058,4100.7,4000.85,-,-0.96
23-05-2013,4036.5,4007.59,4041.3,3996.38,-,0.44
24-05-2013,4000.96,4012.4,4012.4,3971.5,-,-0.88
28-05-2013,4025.58,4016.68,4064.94,4009.46,-,0.62
29-05-2013,3996.56,4014.99,4016.14,3976.89,-,-0.72
30-05-2013,4009.5,4002.53,4032.77,3998.97,-,0.32
31-05-2013,3999.33,4001.71,4050.5,3999.3,-,-0.25
03-06-2013,4006.08,4001.38,4006.54,3955.55,-,0.17
04-06-2013,3989.9,4003.81,4025.5,3958.47,-,-0.4
05-06-2013,3946.29,3983.74,4002.34,3942.94,-,-1.09
06-06-2013,3972.98,3951.25,3973,3913.8,-,0.68
07-06-2013,4036.64,3985.08,4041.5,3985.08,-,1.6
10-06-2013,4046.3,4043.29,4060.1,4034.42,-,0.24
11-06-2013,4004.09,4027.62,4038.32,3994.17,-,-1.04
12-06-2013,3955.37,4023.25,4033.52,3952.22,-,-1.22
13-06-2013,4021.51,3957.9,4024.52,3957.9,-,1.67
14-06-2013,3997.38,4018.19,4042.23,3990.23,-,-0.6
17-06-2013,4021.19,4016.48,4039.76,3998.49,-,0.6
18-06-2013,4057.02,4023.74,4057.54,4021.6,-,0.89
19-06-2013,4010.55,4055.46,4059.11,4010.05,-,-1.15
20-06-2013,3907.21,3990.61,3990.61,3897.95,-,-2.58
21-06-2013,3899.24,3912.86,3936.88,3865.61,-,-0.2
24-06-2013,3852.56,3878.84,3886.49,3815.92,-,-1.2
25-06-2013,3891.07,3871.22,3902.03,3862.57,-,1
26-06-2013,3916.37,3913.38,3931.66,3898.41,-,0.65
27-06-2013,3956.19,3928.4,3963.7,3928.4,-,1.02
28-06-2013,3954.08,3949.18,3976.32,3945.78,-,-0.05
01-07-2013,3994.52,3968.1,4017.88,3968.1,-,1.02
02-07-2013,4000.29,3994.52,4027.38,3978.66,-,0.14
03-07-2013,4008.22,3988.27,4015.42,3980.88,-,0.2
05-07-2013,4060.34,4030.26,4060.37,3990.59,-,1.3
08-07-2013,4110.96,4060.34,4114.45,4060.34,-,1.25
09-07-2013,4145.05,4110.96,4151.57,4110.96,-,0.83
10-07-2013,4151.57,4143.5,4154.55,4130.89,-,0.16
11-07-2013,4184.9,4170.05,4191.79,4168.62,-,0.8
12-07-2013,4176.28,4182.32,4186.04,4167.72,-,-0.21
15-07-2013,4195.43,4177.79,4196.62,4168.73,-,0.46
16-07-2013,4166.61,4196.65,4199.99,4154.53,-,-0.69
17-07-2013,4165.19,4173.55,4179.18,4155.9,-,-0.03
18-07-2013,4191.61,4169.29,4210.15,4169.29,-,0.63
19-07-2013,4175.92,4191.26,4191.26,4160.85,-,-0.37
22-07-2013,4183.87,4180.24,4189.92,4167.06,-,0.19
23-07-2013,4175.93,4187.61,4204.58,4170.56,-,-0.19
24-07-2013,4149.82,4182.69,4193.93,4138.25,-,-0.63
25-07-2013,4200.33,4149.85,4200.68,4149.85,-,1.22
26-07-2013,4198.55,4175.68,4198.56,4153.97,-,-0.04
29-07-2013,4191.46,4189.42,4201.78,4176.17,-,-0.17
30-07-2013,4208.78,4200.25,4213.17,4188.48,-,0.41
31-07-2013,4220.25,4214.67,4252.91,4214.67,-,0.27
01-08-2013,4284.93,4233.35,4289.21,4233.35,-,1.53
02-08-2013,4290.77,4279.27,4291.03,4260.73,-,0.14
05-08-2013,4289.59,4286.58,4299.44,4277.6,-,-0.03
06-08-2013,4232.71,4282.02,4282.02,4192.63,-,-1.33
07-08-2013,4172.19,4222.95,4222.95,4164.2,-,-1.43
08-08-2013,4213.51,4185.89,4224.98,4185.89,-,0.99
09-08-2013,4204.18,4213.15,4219.42,4180.08,-,-0.22
12-08-2013,4227.1,4195.07,4228.86,4174.74,-,0.55
13-08-2013,4246.13,4230.42,4249.42,4203.68,-,0.45
14-08-2013,4216.05,4239.53,4243.17,4214.68,-,-0.71
15-08-2013,4131.98,4191.83,4191.83,4129.91,-,-1.99
16-08-2013,4097.93,4120.63,4141.87,4097.93,-,-0.82
19-08-2013,4074.5,4095.06,4123.04,4074.34,-,-0.57
20-08-2013,4138.18,4085.59,4145.73,4085.59,-,1.56
21-08-2013,4081.33,4123.99,4123.99,4059.44,-,-1.37
22-08-2013,4086.68,4085.86,4097.78,4064.59,-,0.13
23-08-2013,4075.4,4086.58,4094.42,4044.88,-,-0.28
26-08-2013,4074.45,4077.65,4106.78,4067.88,-,-0.02
27-08-2013,3993.79,4053.92,4053.92,3989.5,-,-1.98
28-08-2013,4020.11,3995.93,4035.06,3995.93,-,0.66
29-08-2013,4050.68,4015.78,4060.14,4010.46,-,0.76
30-08-2013,4020.61,4051.97,4053.83,4007.87,-,-0.74
03-09-2013,4030.92,4045.51,4074.2,4011.98,-,0.26
04-09-2013,4062.89,4031.77,4072.67,4023.01,-,0.79
05-09-2013,4084.96,4062.58,4098,4062.58,-,0.54
06-09-2013,4069.26,4093.92,4098.42,4027.96,-,-0.38
09-09-2013,4132.79,4077.22,4135.5,4077.22,-,1.56
10-09-2013,4176.26,4138.57,4176.35,4138.57,-,1.05
11-09-2013,4185.09,4173,4187.74,4163.87,-,0.21
12-09-2013,4146.28,4181.07,4184.85,4139.09,-,-0.93
13-09-2013,4167.85,4160.17,4170.63,4146.09,-,0.52
16-09-2013,4175.27,4186.3,4207.79,4173.47,-,0.18
17-09-2013,4219.14,4176.38,4220.27,4176.38,-,1.05
18-09-2013,4264.23,4218.29,4272.63,4186.82,-,1.07
19-09-2013,4272.31,4271.58,4290.23,4267.37,-,0.19
20-09-2013,4252.6,4275.6,4283.18,4243.83,-,-0.46
23-09-2013,4235.82,4250.79,4250.79,4214.16,-,-0.39
24-09-2013,4250.18,4238.38,4271.9,4222.28,-,0.34
25-09-2013,4231.17,4259.26,4261.78,4218.28,-,-0.45
26-09-2013,4257.71,4236.65,4283.18,4236.65,-,0.63
27-09-2013,4254.35,4245.89,4262.26,4232.83,-,-0.08
30-09-2013,4235.61,4230.98,4249.95,4200.82,-,-0.44
01-10-2013,4283.8,4236.8,4295.64,4236.8,-,1.14
02-10-2013,4286.92,4273.49,4291.08,4238.29,-,0.07
03-10-2013,4244.91,4285.42,4294.92,4230.83,-,-0.98
04-10-2013,4273.97,4243.3,4278.75,4231.69,-,0.68
07-10-2013,4200.08,4258.07,4258.07,4200.08,-,-1.73
08-10-2013,4119.82,4199.58,4202.05,4119.82,-,-1.91
09-10-2013,4119.31,4125.4,4143.51,4087.72,-,-0.01
10-10-2013,4196.57,4144.49,4198.1,4144.49,-,1.88
11-10-2013,4225.32,4190.36,4225.35,4173.87,-,0.69
14-10-2013,4241.54,4213.11,4241.56,4194.31,-,0.38
15-10-2013,4200.77,4235.73,4236.02,4189.83,-,-0.96
16-10-2013,4273,4212.48,4274.23,4212.48,-,1.72
17-10-2013,4292.49,4262.74,4292.51,4249.92,-,0.46
18-10-2013,4330.51,4307.86,4332.86,4297.51,-,0.89
21-10-2013,4327.41,4332.78,4333.1,4310.51,-,-0.07
22-10-2013,4317.67,4337.15,4368.1,4305.87,-,-0.23
23-10-2013,4307.14,4306.52,4312.32,4279.48,-,-0.24
24-10-2013,4332.03,4304.87,4333.94,4285.04,-,0.58
25-10-2013,4339.01,4337.85,4342.91,4317.2,-,0.16
28-10-2013,4339.49,4337.94,4358.79,4327.14,-,0.01
29-10-2013,4373.21,4345.16,4373.69,4341.21,-,0.78
30-10-2013,4341.38,4374.77,4383.42,4318.59,-,-0.73
31-10-2013,4348.89,4347.01,4371.15,4326.74,-,0.17
01-11-2013,4370.4,4352.1,4375.05,4335.53,-,0.49
04-11-2013,4404.98,4376.84,4406.96,4376.84,-,0.79
05-11-2013,4409.63,4395.7,4421.32,4359.66,-,0.11
06-11-2013,4372.62,4418.85,4419.93,4361.82,-,-0.84
07-11-2013,4320.75,4380.2,4400.96,4317.54,-,-1.19
08-11-2013,4384.92,4323.34,4385.08,4323.34,-,1.49
11-11-2013,4428.35,4381.68,4432.07,4378.48,-,0.99
12-11-2013,4452.24,4424.04,4455.62,4422.06,-,0.54
13-11-2013,4513.21,4440.68,4513.42,4437.14,-,1.37
14-11-2013,4519.43,4511.41,4522.88,4482,-,0.14
15-11-2013,4549,4522.63,4549,4512.68,-,0.65
18-11-2013,4519.46,4553.79,4561.62,4503.75,-,-0.65
19-11-2013,4483.36,4514.81,4547.44,4475.95,-,-0.8
20-11-2013,4482.88,4494.03,4520.4,4469.53,-,-0.01
21-11-2013,4524.69,4486.49,4530.39,4472.7,-,0.93
22-11-2013,4516.03,4526.18,4526.18,4496.54,-,-0.19
25-11-2013,4526.18,4524.41,4537.56,4518.8,-,0.22
26-11-2013,4552.82,4534.72,4565.86,4534.72,-,0.59
27-11-2013,4574.56,4556.06,4575.99,4556.06,-,0.48
29-11-2013,4573.61,4584.22,4593.65,4565.48,-,-0.02
02-12-2013,4534.32,4571.77,4579.87,4526.33,-,-0.86
03-12-2013,4532.67,4529.52,4538.76,4510.54,-,-0.04
04-12-2013,4492.48,4520.32,4527.74,4457.05,-,-0.89
05-12-2013,4479.14,4497.08,4503.56,4477.1,-,-0.3
06-12-2013,4454.36,4493.56,4499.28,4449.04,-,-0.55
09-12-2013,4454.86,4458.33,4477.65,4448.64,-,0.01
10-12-2013,4441.52,4448.01,4465.03,4433.5,-,-0.3
11-12-2013,4413.4,4443.65,4458.12,4409.43,-,-0.63
12-12-2013,4404.43,4412.07,4423.36,4395.76,-,-0.2
13-12-2013,4405.44,4414.54,4430.48,4397,-,0.02
16-12-2013,4426.9,4414.22,4442.97,4414.22,-,0.49
17-12-2013,4417.61,4428.3,4436,4404.93,-,-0.21
18-12-2013,4483.23,4418.89,4484.75,4388.34,-,1.49
19-12-2013,4459.97,4477.56,4478.35,4449.86,-,-0.52
20-12-2013,4502.6,4469.69,4511.6,4462.84,-,0.96
23-12-2013,4526.77,4512.44,4536.71,4508.6,-,0.54
24-12-2013,4536.45,4527.2,4547.15,4527.2,-,0.21
26-12-2013,4555.51,4541.52,4565.58,4541.52,-,0.42
27-12-2013,4526.96,4559.37,4566.65,4522.63,-,-0.63
30-12-2013,4547.84,4526.61,4558.91,4516.61,-,0.46
31-12-2013,4551.15,4551.79,4566.58,4541.73,-,0.07
02-01-2014,4522.45,4545.06,4558.85,4512.12,-,-0.63
03-01-2014,4526.22,4523.62,4542.73,4512.64,-,0.08
06-01-2014,4481.4,4531.27,4537.91,4480.43,-,-0.99
07-01-2014,4488,4487.29,4515.18,4472.64,-,0.15
08-01-2014,4471.38,4486.29,4486.29,4454.18,-,-0.37
09-01-2014,4436.36,4469.8,4479.41,4410.72,-,-0.78
10-01-2014,4436.8,4429.44,4451.13,4410.4,-,0.01
13-01-2014,4312.1,4423.12,4423.32,4301.52,-,-2.81
14-01-2014,4358.03,4319.79,4363.51,4306.37,-,1.07
15-01-2014,4342.33,4360.75,4369.13,4334.18,-,-0.36
16-01-2014,4308.8,4333.03,4333.03,4284.85,-,-0.77
17-01-2014,4285.85,4307.17,4311,4278.75,-,-0.53
21-01-2014,4275.59,4295.95,4311.25,4258.61,-,-0.24
22-01-2014,4284.45,4277.02,4289.49,4267.08,-,0.21
23-01-2014,4255.4,4273.41,4276.09,4233.79,-,-0.68
24-01-2014,4186.42,4240.16,4240.16,4186.3,-,-1.62
27-01-2014,4170.48,4188.35,4206.94,4126.45,-,-0.38
28-01-2014,4183.75,4163.98,4203.27,4163.98,-,0.32
29-01-2014,4112.37,4164.53,4166.4,4110.9,-,-1.71
30-01-2014,4147.42,4123.86,4165.14,4123.86,-,0.85
31-01-2014,4122.47,4121.64,4149.32,4097.51,-,-0.6
03-02-2014,4003.91,4122.71,4123.83,3995.08,-,-2.88
04-02-2014,4024.81,4015.71,4051.59,4011.41,-,0.52
05-02-2014,4034.49,4015.45,4043.11,3972.7,-,0.24
06-02-2014,4131.15,4041.41,4132.92,4039.49,-,2.4
07-02-2014,4173.56,4150.59,4192.53,4150.29,-,1.03
10-02-2014,4164.09,4174.05,4176.36,4133.77,-,-0.23
11-02-2014,4195.51,4165.92,4208.48,4164.95,-,0.75
12-02-2014,4184.76,4196.96,4223.1,4173.94,-,-0.26
13-02-2014,4206.8,4169.56,4212.61,4146.02,-,0.53
14-02-2014,4196.22,4203.07,4203.94,4170.33,-,-0.25
18-02-2014,4219.62,4197.57,4225.12,4181.85,-,0.56
19-02-2014,4240.36,4217.31,4271.45,4212.94,-,0.49
20-02-2014,4239.6,4242.62,4252.88,4227.86,-,-0.02
21-02-2014,4246.85,4243.75,4260.28,4238.37,-,0.17
24-02-2014,4266.96,4246.93,4291.44,4246.93,-,0.47
25-02-2014,4318.98,4266.25,4326.72,4265.15,-,1.22
26-02-2014,4402.83,4325.83,4419.64,4325.83,-,1.94
27-02-2014,4425.47,4401.06,4436.64,4397.56,-,0.51
28-02-2014,4423.33,4429.36,4451.02,4398.35,-,-0.05
03-03-2014,4408.38,4410.3,4425.25,4370.53,-,-0.34
04-03-2014,4483.79,4420.4,4492.74,4420.4,-,1.71
05-03-2014,4469.91,4482.83,4488.04,4458.54,-,-0.31
06-03-2014,4459.93,4462.84,4474.71,4434.16,-,-0.22
07-03-2014,4492.88,4466.96,4518.48,4466.96,-,0.74
10-03-2014,4497.68,4493.14,4499.37,4467.68,-,0.11
11-03-2014,4471.18,4495.42,4502.48,4463.14,-,-0.59
12-03-2014,4469.22,4461.98,4469.22,4431.17,-,-0.04
13-03-2014,4417.09,4473.86,4492.58,4408.22,-,-1.17
14-03-2014,4423.23,4416.01,4451.09,4405.36,-,0.14
17-03-2014,4453.21,4430.96,4467.92,4430.96,-,0.68
18-03-2014,4472.9,4450.69,4480.79,4447.65,-,0.44
19-03-2014,4443.2,4472.65,4474.18,4419.97,-,-0.66
20-03-2014,4439.83,4439.09,4448.41,4424.34,-,-0.08
21-03-2014,4448.8,4447.11,4495.13,4447.11,-,0.2
24-03-2014,4403.17,4452.16,4461.24,4378.32,-,-1.03
25-03-2014,4357.64,4403.17,4432.47,4344.89,-,-1.03
26-03-2014,4305.3,4368.33,4390.3,4305.28,-,-1.2
27-03-2014,4294.52,4306.17,4320.39,4275.26,-,-0.25
28-03-2014,4334.88,4298.24,4361.96,4298.24,-,0.94
31-03-2014,4355.11,4341.13,4367.54,4341.13,-,0.47
01-04-2014,4420.13,4360.1,4420.75,4360.1,-,1.49
02-04-2014,4482.85,4422.05,4486.79,4422.05,-,1.42
03-04-2014,4467.9,4482.63,4501.31,4442.83,-,-0.33
04-04-2014,4386.9,4474.8,4484.91,4377.67,-,-1.81
07-04-2014,4290.12,4383.72,4383.72,4266.1,-,-2.21
08-04-2014,4333.95,4293.23,4341.27,4283.57,-,1.02
09-04-2014,4369.45,4338.01,4370.24,4318.6,-,0.82
10-04-2014,4255.16,4370.32,4375.54,4250.63,-,-2.62
11-04-2014,4190.26,4245.2,4245.2,4172.69,-,-1.53
14-04-2014,4212.58,4200.44,4245.27,4180.45,-,0.53
15-04-2014,4215.57,4215.43,4244.91,4145.39,-,0.07
16-04-2014,4235.4,4226.85,4256.85,4215.14,-,0.47
17-04-2014,4233.37,4234.89,4246.06,4217.63,-,-0.05
21-04-2014,4246.03,4234.94,4251.56,4226.03,-,0.3
22-04-2014,4302.11,4251.4,4316.19,4251.4,-,1.32
23-04-2014,4295.46,4300.68,4324.93,4295.41,-,-0.15
24-04-2014,4305.97,4300.7,4320.47,4271.73,-,0.24
25-04-2014,4250.06,4297.56,4297.56,4242.33,-,-1.3
28-04-2014,4292.5,4254.12,4329.88,4236.5,-,1
29-04-2014,4310.64,4297.08,4320.42,4286.43,-,0.42
30-04-2014,4314.84,4306.71,4315.33,4270.43,-,0.1
01-05-2014,4317.62,4316.18,4345.5,4302.42,-,0.06
02-05-2014,4340.79,4323.84,4381.41,4323.19,-,0.54
05-05-2014,4318.4,4337.47,4337.47,4292.4,-,-0.52
06-05-2014,4246.16,4315.77,4315.77,4245.92,-,-1.67
07-05-2014,4204.27,4236.05,4236.05,4168.88,-,-0.99
08-05-2014,4225.24,4204.55,4304.11,4204.55,-,0.5
09-05-2014,4298.18,4223.05,4300.54,4222.4,-,1.73
12-05-2014,4384.36,4302.62,4391,4302.62,-,2.01
13-05-2014,4366.66,4383.58,4400.81,4360.72,-,-0.4
14-05-2014,4307.4,4363.39,4365.79,4302.91,-,-1.36
15-05-2014,4256.33,4301.87,4301.87,4217.1,-,-1.19
16-05-2014,4318.44,4259.01,4318.45,4259.01,-,1.46
19-05-2014,4333.4,4313.88,4335.15,4307.67,-,0.35
20-05-2014,4226.16,4320.57,4320.57,4214.2,-,-2.47
21-05-2014,4236.5,4226.55,4263.27,4199.57,-,0.24
22-05-2014,4282.19,4245.51,4292.84,4245.51,-,1.08
23-05-2014,4300.11,4291.28,4305.02,4268.69,-,0.42
27-05-2014,4326.73,4307.9,4340.12,4307.9,-,0.62
28-05-2014,4284.57,4324.31,4324.31,4271.86,-,-0.97
29-05-2014,4309.23,4290.67,4310.59,4274.16,-,0.58
30-05-2014,4327.68,4310.12,4335.33,4304.81,-,0.43
02-06-2014,4315.63,4338.86,4340.57,4297.64,-,-0.28
03-06-2014,4326.62,4310.49,4333.95,4294.13,-,0.25
04-06-2014,4361.87,4320.19,4367.24,4307.75,-,0.81
05-06-2014,4390.33,4363.04,4395.97,4321.69,-,0.65
06-06-2014,4417.2,4396.58,4437.03,4396.58,-,0.61
09-06-2014,4431.06,4419.14,4456.93,4419.14,-,0.31
10-06-2014,4424.57,4423.47,4432.92,4414.02,-,-0.15
11-06-2014,4414.85,4422.92,4423.47,4397.57,-,-0.22
12-06-2014,4356.73,4412.37,4412.37,4347.92,-,-1.32
13-06-2014,4376.84,4363.49,4382.16,4346.73,-,0.46
16-06-2014,4416.29,4376.11,4416.85,4371.42,-,0.9
17-06-2014,4454.1,4417.51,4459.19,4417.35,-,0.86
18-06-2014,4482.33,4455.22,4483.77,4447.02,-,0.63
19-06-2014,4466.19,4486.19,4502.38,4457.78,-,-0.36
20-06-2014,4462.97,4470.54,4481.56,4451.45,-,-0.07
23-06-2014,4466.52,4465.37,4476.38,4458.6,-,0.08
24-06-2014,4437.27,4463.19,4489.14,4433.88,-,-0.65
25-06-2014,4460.36,4431.68,4463.24,4427.25,-,0.52
26-06-2014,4453.62,4461.52,4461.88,4420.68,-,-0.15
27-06-2014,4478.11,4447.34,4478.27,4443.42,-,0.55
30-06-2014,4487.46,4475.87,4491.93,4462.93,-,0.21
01-07-2014,4527.13,4493.34,4541.52,4493.34,-,0.88
02-07-2014,4528.89,4531.45,4555.86,4525.78,-,0.04
03-07-2014,4582.09,4538,4587.43,4538,-,1.17
07-07-2014,4535,4577.87,4577.87,4532.49,-,-1.03
08-07-2014,4487.86,4530.61,4530.61,4476.05,-,-1.04
09-07-2014,4517.67,4494.35,4518.91,4492.72,-,0.66
10-07-2014,4463.9,4491.89,4491.89,4435.05,-,-1.19
11-07-2014,4436.22,4453.23,4455.32,4418.07,-,-0.62
14-07-2014,4435.29,4450,4460.7,4430.99,-,-0.02
15-07-2014,4408.93,4437.69,4447.2,4394.52,-,-0.59
16-07-2014,4390.85,4418,4423.24,4379.01,-,-0.41
17-07-2014,4339.28,4379.32,4385.7,4335.14,-,-1.17
18-07-2014,4415.53,4342.4,4417.21,4341.47,-,1.76
21-07-2014,4383.62,4409.63,4409.63,4369.54,-,-0.72
22-07-2014,4376.87,4390.41,4396.73,4376.67,-,-0.15
23-07-2014,4384.61,4377.03,4395.62,4367.13,-,0.18
24-07-2014,4416.57,4386.26,4425.8,4386.26,-,0.73
25-07-2014,4363.02,4405.84,4405.84,4361.04,-,-1.21
28-07-2014,4358.88,4369.75,4379.25,4342.72,-,-0.09
29-07-2014,4355.24,4362.35,4388.3,4355.24,-,-0.08
30-07-2014,4401.49,4365.49,4405.97,4365.49,-,1.06
31-07-2014,4336.28,4385.36,4386.38,4330.01,-,-1.48
01-08-2014,4328.39,4338.91,4357.64,4297.27,-,-0.18
04-08-2014,4375.58,4334.15,4383.32,4332.55,-,1.09
05-08-2014,4360.34,4364.71,4397.16,4337.42,-,-0.35
06-08-2014,4374.5,4339.94,4390.91,4321.17,-,0.32
07-08-2014,4341.99,4379,4398.95,4332.72,-,-0.74
08-08-2014,4410.05,4343.06,4412.79,4343.06,-,1.57
11-08-2014,4435.61,4416.47,4451.05,4412.45,-,0.58
12-08-2014,4399.5,4429.79,4435.53,4383.43,-,-0.81
13-08-2014,4373.72,4403.36,4408.55,4351.84,-,-0.59
14-08-2014,4419.33,4376.35,4422.38,4375.56,-,1.04
15-08-2014,4378.76,4431.74,4435.88,4350.79,-,-0.92
18-08-2014,4446.12,4390.39,4446.29,4390.39,-,1.54
19-08-2014,4503.56,4453.34,4514.51,4453.34,-,1.29
20-08-2014,4532.06,4501.42,4539.06,4489.6,-,0.63
21-08-2014,4521.72,4527.93,4531.75,4498.19,-,-0.23
22-08-2014,4551.68,4529.74,4557.88,4520.76,-,0.66
25-08-2014,4576.28,4561.29,4578.66,4561.29,-,0.54
26-08-2014,4609.01,4578.3,4617.46,4578.3,-,0.72
27-08-2014,4627.68,4612.89,4637.92,4609.41,-,0.41
28-08-2014,4602.93,4616.92,4616.92,4563.38,-,-0.53
29-08-2014,4594.17,4605.85,4611.46,4581.67,-,-0.19
02-09-2014,4605.1,4600.45,4623.52,4585.9,-,0.24
03-09-2014,4595.59,4610.94,4631.92,4591.13,-,-0.21
04-09-2014,4618.54,4599.51,4636.98,4599.51,-,0.5
05-09-2014,4612.62,4606.18,4613.33,4566.5,-,-0.13
08-09-2014,4596.65,4609.56,4615.25,4577.75,-,-0.35
09-09-2014,4551.56,4592.46,4595.8,4549.73,-,-0.98
10-09-2014,4568.8,4557.14,4571.65,4532.14,-,0.38
11-09-2014,4603.37,4555.68,4604.54,4548.05,-,0.76
12-09-2014,4606.24,4612.73,4619.05,4590.23,-,0.06
15-09-2014,4557.57,4603.97,4604.78,4553.44,-,-1.06
16-09-2014,4598.72,4551.73,4608.36,4545.95,-,0.9
17-09-2014,4606.25,4598.93,4624.53,4593.34,-,0.16
18-09-2014,4613.22,4614.41,4622.47,4600.97,-,0.15
19-09-2014,4583.24,4622.56,4635.23,4570.18,-,-0.65
22-09-2014,4507.66,4574.28,4574.28,4499.26,-,-1.65
23-09-2014,4460.55,4495.11,4502.73,4460.55,-,-1.05
24-09-2014,4508,4462.87,4509.41,4459.44,-,1.06
25-09-2014,4453.39,4508,4508.29,4444.63,-,-1.21
26-09-2014,4473.01,4453.44,4484.4,4453.44,-,0.44
29-09-2014,4470.74,4458.02,4480.89,4434.93,-,-0.05
30-09-2014,4427.35,4469.83,4471.57,4427.26,-,-0.97
01-10-2014,4361.63,4425.37,4425.37,4351.02,-,-1.48
02-10-2014,4417.4,4360.83,4426.65,4351.83,-,1.28
03-10-2014,4488.02,4431.23,4503.72,4431.23,-,1.6
06-10-2014,4439.66,4495.43,4505.16,4439.19,-,-1.08
07-10-2014,4358.36,4425.89,4425.89,4358.36,-,-1.83
08-10-2014,4422.02,4362.01,4427.33,4330.94,-,1.46
09-10-2014,4327.91,4418.42,4418.42,4324.47,-,-2.13
10-10-2014,4313.09,4323.83,4358.08,4305.11,-,-0.34
13-10-2014,4232.68,4309.34,4309.38,4229.44,-,-1.86
14-10-2014,4289.83,4246.94,4319.52,4246.94,-,1.35
15-10-2014,4295.89,4271.32,4317.82,4193.17,-,0.14
16-10-2014,4292.21,4267.18,4315.73,4229.73,-,-0.09
17-10-2014,4277.11,4302.62,4322.09,4257.21,-,-0.35
20-10-2014,4360.38,4274.78,4360.4,4270.73,-,1.95
21-10-2014,4425.97,4365.57,4429.07,4365.57,-,1.5
22-10-2014,4377.81,4429.46,4459.97,4376.33,-,-1.09
23-10-2014,4454.61,4397.72,4477.33,4397.72,-,1.75
24-10-2014,4443.44,4452.69,4452.69,4404.15,-,-0.25
27-10-2014,4455.04,4436.27,4456.85,4403.53,-,0.26
28-10-2014,4520.68,4458.15,4522.45,4437.91,-,1.47
29-10-2014,4496.86,4519.96,4541.43,4476.81,-,-0.53
30-10-2014,4532.21,4487.33,4540.38,4482.41,-,0.79
31-10-2014,4575.14,4572.28,4602.85,4566.07,-,0.95
03-11-2014,4569.48,4573.35,4592.86,4562.16,-,-0.12
04-11-2014,4551.22,4564.2,4566.81,4520.27,-,-0.4
05-11-2014,4567.37,4556.18,4586.04,4555.56,-,0.35
06-11-2014,4639.45,4570.07,4639.67,4564.48,-,1.58
07-11-2014,4656.85,4646.78,4664.14,4627.51,-,0.38
10-11-2014,4643.02,4651.31,4659.1,4627.63,-,-0.3
11-11-2014,4645.58,4638.83,4646.36,4630.03,-,0.06
12-11-2014,4731.69,4641.55,4738.01,4638.1,-,1.85
13-11-2014,4711.9,4735.15,4746.82,4694.25,-,-0.42
14-11-2014,4721.53,4711.2,4725.91,4703.62,-,0.2
17-11-2014,4667.89,4714.84,4721.22,4667.32,-,-1.14
18-11-2014,4671.69,4668.55,4693.13,4658.45,-,0.08
19-11-2014,4705.97,4677.91,4711.49,4663.69,-,0.73
20-11-2014,4785.6,4702.51,4789.59,4700.67,-,1.69
21-11-2014,4791.64,4819.6,4837.94,4786.03,-,0.13
24-11-2014,4854.1,4796.88,4855.81,4796.88,-,1.3
25-11-2014,4846.08,4857.48,4891.8,4832.66,-,-0.17
26-11-2014,4833.21,4846.84,4855.86,4827.66,-,-0.27
28-11-2014,4876.1,4841.76,4912.24,4841.76,-,0.89
01-12-2014,4770.5,4872.71,4872.71,4768.78,-,-2.17
02-12-2014,4786.73,4777.58,4811.84,4768.58,-,0.34
03-12-2014,4827.04,4787.46,4834.79,4781.15,-,0.84
04-12-2014,4791.81,4824.32,4824.32,4763.43,-,-0.73
05-12-2014,4779.17,4792.76,4795.33,4761.76,-,-0.26
08-12-2014,4740.46,4779.17,4797.56,4734.93,-,-0.81
09-12-2014,4756.36,4732.82,4757.33,4673.3,-,0.34
10-12-2014,4679.17,4753.16,4768.14,4677.23,-,-1.62
11-12-2014,4735,4684.65,4805.87,4684.65,-,1.19
12-12-2014,4764.7,4720.2,4800.22,4699.47,-,0.63
15-12-2014,4775.7,4774.44,4829.44,4738.21,-,0.23
16-12-2014,4718.99,4772.51,4801.42,4718.54,-,-1.19
17-12-2014,4829.31,4723.24,4835.63,4720.72,-,2.34
18-12-2014,4904.09,4845.64,4908.06,4844.78,-,1.55
19-12-2014,4870.4,4903.67,4903.67,4836.81,-,-0.69
22-12-2014,4900.17,4869.87,4902.39,4869.87,-,0.61
23-12-2014,4932.65,4902.31,4971.6,4902.31,-,0.66
24-12-2014,4929.53,4935.86,4959.47,4929.5,-,-0.06
26-12-2014,4944.3,4936.64,4967.19,4936.64,-,0.3
29-12-2014,4991.92,4943.06,4998.63,4939.18,-,0.96
30-12-2014,4980.28,4988.2,5016.95,4975.11,-,-0.23
31-12-2014,4969.5,4983.63,5024.22,4968.52,-,-0.22
02-01-2015,4935.61,4986.79,4999.08,4898.67,-,-0.68
05-01-2015,4874.69,4915.61,4924.15,4855.27,-,-1.23
06-01-2015,4827.2,4884.11,4897.75,4785.47,-,-0.97
07-01-2015,4950,4858.31,4950.24,4858.31,-,2.54
08-01-2015,5017.74,4979.73,5022.11,4977.15,-,1.37
09-01-2015,4930.8,5007.11,5007.11,4928.27,-,-1.73
12-01-2015,4938.54,4930.8,4940.67,4889.74,-,0.16
13-01-2015,4901.59,4960.77,5003.49,4868.52,-,-0.75
14-01-2015,4878.39,4871.93,4883.71,4821.6,-,-0.47
15-01-2015,4769.52,4878.53,4893.36,4768.3,-,-2.23
16-01-2015,4836.99,4769.52,4839.21,4757.12,-,1.41
20-01-2015,4769.8,4837.72,4839.02,4738.06,-,-1.39
21-01-2015,4801.96,4774.05,4805.98,4761.44,-,0.67
22-01-2015,4893.15,4808.83,4899.84,4791.47,-,1.9
23-01-2015,4922.02,4897.07,4935.95,4885.74,-,0.59
26-01-2015,4967.29,4921.69,4967.29,4911.46,-,0.92
27-01-2015,4948.86,4966.66,4973.44,4914.36,-,-0.37
28-01-2015,4870.65,4968.43,4974.97,4859.27,-,-1.58
29-01-2015,4910.51,4879.47,4910.56,4842.71,-,0.82
30-01-2015,4807.47,4909.87,4909.87,4805.55,-,-2.1
02-02-2015,4833.58,4807.47,4837.74,4715.45,-,0.54
03-02-2015,4927.26,4852.63,4929.14,4842.14,-,1.94
04-02-2015,4934.85,4911.77,4955.14,4908.92,-,0.15
05-02-2015,4968.28,4947.74,4989.13,4946.11,-,0.68
06-02-2015,4966.7,4969.67,4984.27,4946.87,-,-0.03
09-02-2015,4943.42,4966.42,4972.94,4937.84,-,-0.47
10-02-2015,4990.64,4943.46,4997.69,4942.83,-,0.96
11-02-2015,4997.44,4986.74,5012.55,4985.36,-,0.14
12-02-2015,5043.49,5014.27,5045.34,4992.91,-,0.92
13-02-2015,5072.34,5042.82,5076.54,5036.73,-,0.57
17-02-2015,5064.59,5066.72,5073.38,5040.25,-,-0.15
18-02-2015,5065.93,5051.64,5070,5045.82,-,0.03
19-02-2015,5063.68,5066.16,5079.44,5059.35,-,-0.04
20-02-2015,5096.82,5063.8,5099.66,5046.36,-,0.65
23-02-2015,5092.58,5100.44,5107.21,5071,-,-0.08
24-02-2015,5084.16,5096.62,5105.97,5071.81,-,-0.17
25-02-2015,5099.61,5080.45,5114.09,5074.13,-,0.3
26-02-2015,5092,5097.61,5101.84,5082.46,-,-0.15
27-02-2015,5103.91,5084.92,5121.18,5083.66,-,0.23
02-03-2015,5131.3,5103.09,5135.51,5102.51,-,0.54
03-03-2015,5101.35,5130.58,5134.01,5087.49,-,-0.58
04-03-2015,5083.22,5101.35,5101.35,5057.25,-,-0.36
05-03-2015,5087.86,5090.44,5095.87,5069.44,-,0.09
06-03-2015,5057.03,5087.86,5098.23,5051.36,-,-0.61
09-03-2015,5076.42,5061.99,5081.47,5053.13,-,0.38
10-03-2015,5030.78,5052.54,5052.54,5012.14,-,-0.9
11-03-2015,5046.88,5036.36,5060.77,5033.87,-,0.32
12-03-2015,5132.46,5068.94,5136.5,5068.86,-,1.7
13-03-2015,5113.95,5131.62,5143.55,5084.85,-,-0.36
16-03-2015,5146.81,5132.51,5153.24,5132.51,-,0.64
17-03-2015,5157.62,5134.51,5163.27,5129.18,-,0.21
18-03-2015,5173.09,5157.14,5182.87,5112.97,-,0.3
19-03-2015,5201.28,5165.61,5206.05,5165.61,-,0.54
20-03-2015,5235.76,5218.4,5242.62,5204.94,-,0.66
23-03-2015,5247.8,5235.61,5278.11,5234.87,-,0.23
24-03-2015,5259.8,5247.63,5281.69,5242.8,-,0.23
25-03-2015,5172.24,5261.93,5261.93,5172.24,-,-1.66
26-03-2015,5156.44,5164.29,5176.66,5138.39,-,-0.31
27-03-2015,5197.98,5156.44,5199.33,5156.44,-,0.81
30-03-2015,5265.39,5218.35,5271.89,5218.35,-,1.3
31-03-2015,5253.73,5250.4,5295.48,5247.18,-,-0.22
01-04-2015,5210.6,5253.44,5253.44,5189.48,-,-0.82
02-04-2015,5250.4,5220.02,5273.55,5218.83,-,0.76
06-04-2015,5263.38,5228.5,5286.3,5223.46,-,0.25
07-04-2015,5218.45,5261.28,5275.43,5217.68,-,-0.85
08-04-2015,5262.58,5224.23,5265.76,5223.78,-,0.85
09-04-2015,5245.33,5261.41,5276.27,5210.09,-,-0.33
10-04-2015,5256.04,5245.53,5263.04,5239.53,-,0.2
13-04-2015,5262.73,5261.32,5297.73,5256.42,-,0.13
14-04-2015,5218.65,5262.7,5266.14,5187.69,-,-0.84
15-04-2015,5213.62,5234.18,5248.54,5213.17,-,-0.1
16-04-2015,5217.58,5219.18,5232.6,5210.23,-,0.08
17-04-2015,5122.21,5188.12,5188.12,5112.45,-,-1.83
20-04-2015,5169.94,5147.93,5177.16,5136.71,-,0.93
21-04-2015,5179.87,5187.61,5196.64,5165.4,-,0.19
22-04-2015,5193.94,5179.83,5197.86,5148.42,-,0.27
23-04-2015,5226.3,5191.58,5240.47,5191.43,-,0.62
24-04-2015,5235.59,5239.5,5244.52,5231.88,-,0.18
27-04-2015,5178.53,5246.15,5253.88,5172.93,-,-1.09
28-04-2015,5163.12,5178.53,5191.14,5128.42,-,-0.3
29-04-2015,5064.43,5162.99,5162.99,5053.12,-,-1.91
30-04-2015,5019.33,5052.66,5069.38,4998.99,-,-0.89
01-05-2015,5090.96,5033.46,5092.39,5030.36,-,1.43
04-05-2015,5106.52,5100.26,5127.25,5095.64,-,0.31
05-05-2015,5048.74,5105.95,5113.48,5039.72,-,-1.13
06-05-2015,5042.03,5063.1,5063.93,4994.47,-,-0.13
07-05-2015,5094.3,5041.96,5104.87,5037.08,-,1.04
08-05-2015,5137.49,5125.81,5170.97,5125.81,-,0.85
11-05-2015,5142.15,5137.11,5163.31,5136.13,-,0.09
12-05-2015,5111.3,5120.39,5131.88,5074.8,-,-0.6
13-05-2015,5095.81,5111.89,5122.3,5080.26,-,-0.3
14-05-2015,5061.84,5106.31,5106.31,5035.39,-,-0.67
15-05-2015,5110.06,5069.61,5110.33,5062.5,-,0.95
18-05-2015,5165.46,5110.03,5166.58,5110.03,-,1.08
19-05-2015,5128.82,5161.83,5166.96,5119.95,-,-0.71
20-05-2015,5129.85,5133.5,5140.22,5107.64,-,0.02
21-05-2015,5156.1,5122.32,5175.62,5111.64,-,0.51
22-05-2015,5143.01,5151.77,5169.09,5125.26,-,-0.25
26-05-2015,5087.69,5136.37,5141.02,5080.56,-,-1.08
27-05-2015,5112.95,5087.69,5125.52,5087.69,-,0.5
28-05-2015,5118.52,5110.82,5125.09,5103.71,-,0.11
29-05-2015,5068.58,5117.07,5121.06,5064.42,-,-0.98
01-06-2015,5067.95,5083.38,5093.82,5045,-,-0.01
02-06-2015,5105.58,5059.16,5131.02,5059.16,-,0.74
03-06-2015,5174.28,5118.7,5182.65,5108.68,-,1.35
04-06-2015,5170.96,5153.33,5197.1,5141.77,-,-0.06
05-06-2015,5153.71,5162.01,5167.84,5126.55,-,-0.33
08-06-2015,5113.64,5152.79,5161.05,5113.55,-,-0.78
09-06-2015,5096.68,5119.63,5134.23,5071.49,-,-0.33
10-06-2015,5136.01,5109.13,5146.44,5109.13,-,0.77
11-06-2015,5150.96,5148.75,5179.46,5140.84,-,0.29
12-06-2015,5152.55,5140.19,5157.56,5130.19,-,0.03
15-06-2015,5124.85,5133.38,5133.38,5090.85,-,-0.54
16-06-2015,5148.25,5120.17,5153.2,5118.08,-,0.46
17-06-2015,5164.97,5157.89,5177.97,5138.26,-,0.32
18-06-2015,5216.52,5172.19,5233.23,5171.82,-,1
19-06-2015,5215.6,5222.77,5243.38,5204.31,-,-0.02
22-06-2015,5234.43,5238.29,5245.16,5227.22,-,0.36
23-06-2015,5278.64,5246.18,5280.49,5246.18,-,0.84
24-06-2015,5239.71,5273.47,5280.64,5237.07,-,-0.74
25-06-2015,5227.94,5248.54,5253.47,5223.12,-,-0.22
26-06-2015,5252.07,5227.94,5270.8,5227.94,-,0.46
29-06-2015,5111.96,5220.17,5223.61,5109.08,-,-2.67
30-06-2015,5120.48,5140.25,5140.9,5104.54,-,0.17
01-07-2015,5152.4,5150.14,5162.71,5127.68,-,0.62
02-07-2015,5125.47,5157.38,5170.34,5116.74,-,-0.52
06-07-2015,5131.82,5096.69,5165,5091.58,-,0.12
07-07-2015,5180.67,5138.89,5185.42,5078.91,-,0.95
08-07-2015,5121.1,5152.97,5171.71,5098.29,-,-1.15
09-07-2015,5132.27,5157.01,5166.32,5119.86,-,0.22
10-07-2015,5186.15,5169.34,5190.45,5161.76,-,1.05
13-07-2015,5247.85,5210.23,5253.31,5210.23,-,1.19
14-07-2015,5231.69,5249.24,5249.69,5215.98,-,-0.31
15-07-2015,5216.1,5233.16,5234.09,5210.62,-,-0.3
16-07-2015,5281.79,5242.52,5287.88,5230.45,-,1.26
17-07-2015,5222.53,5281.79,5281.79,5217.41,-,-1.12
20-07-2015,5208.25,5222.53,5226.58,5204.82,-,-0.27
21-07-2015,5171.88,5203.57,5219.61,5162.57,-,-0.7
22-07-2015,5193.5,5171.88,5199.65,5163.41,-,0.42
23-07-2015,5129.22,5199.52,5203.3,5126.26,-,-1.24
24-07-2015,5042.98,5128.62,5128.62,5041.2,-,-1.68
27-07-2015,4994.31,5042.98,5042.98,4985.57,-,-0.97
28-07-2015,5019.33,5010.99,5038.84,4957.57,-,0.5
29-07-2015,5054.05,5020.71,5061.26,5020.71,-,0.69
30-07-2015,5082.66,5044.17,5091.5,5040.4,-,0.57
31-07-2015,5101.94,5083.26,5119.63,5070.75,-,0.38
03-08-2015,5049.31,5101.94,5107.4,5031.03,-,-1.03
04-08-2015,5079.29,5052.45,5106.32,5050.03,-,0.59
05-08-2015,5131.33,5110.73,5157.75,5110.73,-,1.02
06-08-2015,5035.61,5128.49,5128.49,5011.58,-,-1.87
07-08-2015,4991.95,5023.8,5028.09,4974.03,-,-0.87
10-08-2015,5049.93,4991.95,5064.65,4991.95,-,1.16
11-08-2015,5024.03,5015.6,5042.19,4998.63,-,-0.51
12-08-2015,4995.67,4994.65,5004.94,4918.49,-,-0.56
13-08-2015,4990.76,4992.49,5025.14,4974.13,-,-0.1
14-08-2015,5030.41,4992.48,5033.01,4991.84,-,0.79
17-08-2015,5067.74,5030.41,5067.74,4996.12,-,0.74
18-08-2015,5047.6,5064.04,5077.9,5035.43,-,-0.4
19-08-2015,5004.76,5032.07,5039.41,4975.55,-,-0.85
20-08-2015,4882.56,4970.41,4970.41,4882.44,-,-2.44
21-08-2015,4721.84,4836.37,4844.02,4720.82,-,-3.29
24-08-2015,4574.99,4617.93,4706.01,4510.06,-,-3.11
25-08-2015,4572.48,4636.08,4704.06,4571.38,-,-0.05
26-08-2015,4728.05,4626.97,4730.63,4591.36,-,3.4
27-08-2015,4832.85,4758.22,4859.69,4758.22,-,2.22
28-08-2015,4861.26,4824.97,4875.61,4823.68,-,0.59
31-08-2015,4851.32,4861.26,4883.83,4828.4,-,-0.2
01-09-2015,4750.16,4795.03,4814.17,4734.16,-,-2.09
02-09-2015,4815.18,4752.06,4821.17,4752.06,-,1.37
03-09-2015,4819.97,4815.24,4872.06,4808.64,-,0.1
04-09-2015,4785.02,4819.97,4819.97,4766.63,-,-0.73
08-09-2015,4870.44,4834.87,4875.09,4822.92,-,1.79
09-09-2015,4801.02,4898.78,4910.45,4794.97,-,-1.43
10-09-2015,4790.51,4788.19,4834.52,4777.44,-,-0.22
11-09-2015,4787.36,4764.71,4787.47,4729.56,-,-0.07
14-09-2015,4765.84,4787.36,4792.97,4755.97,-,-0.45
15-09-2015,4796.16,4765.84,4805.11,4748.78,-,0.64
16-09-2015,4870.85,4798.75,4874.36,4793.59,-,1.56
17-09-2015,4872.23,4870.85,4936.41,4862.67,-,0.03
18-09-2015,4785.03,4838.21,4850.72,4777.24,-,-1.79
21-09-2015,4813.64,4809.17,4864,4799.91,-,0.6
22-09-2015,4759.12,4770.66,4775.48,4723.44,-,-1.13
23-09-2015,4741.31,4759.41,4773.81,4725.57,-,-0.37
24-09-2015,4731.54,4741.31,4741.78,4687.91,-,-0.21
25-09-2015,4703.32,4731.73,4760.47,4684.37,-,-0.6
28-09-2015,4561.01,4702.96,4702.96,4552.43,-,-3.03
29-09-2015,4544.66,4561.01,4586.24,4522.24,-,-0.36
30-09-2015,4601.82,4581.45,4610.03,4556.34,-,1.26
01-10-2015,4585.43,4604.96,4609.87,4534.29,-,-0.36
02-10-2015,4657.67,4548.8,4657.91,4504.27,-,1.58
05-10-2015,4738.25,4677.17,4741.86,4677.17,-,1.73
06-10-2015,4689.48,4738.25,4756.33,4664.55,-,-1.03
07-10-2015,4731.49,4706.86,4734.97,4673.85,-,0.9
08-10-2015,4804.26,4725.11,4812.55,4725.11,-,1.54
09-10-2015,4789.42,4804.25,4804.7,4746.9,-,-0.31
12-10-2015,4783.91,4794.5,4799.14,4766.51,-,-0.12
13-10-2015,4722.6,4782.98,4797.46,4720.83,-,-1.28
14-10-2015,4675.85,4722.45,4762.13,4662.4,-,-0.99
15-10-2015,4732.62,4676.56,4732.98,4637.01,-,1.21
16-10-2015,4760.19,4737.08,4761.38,4718.63,-,0.58
19-10-2015,4793.35,4760.19,4794.86,4748.12,-,0.7
20-10-2015,4804.61,4794.5,4818.09,4789.89,-,0.23
21-10-2015,4751.07,4817.08,4818.48,4746.72,-,-1.11
22-10-2015,4737.62,4751.69,4780.76,4724.82,-,-0.28
23-10-2015,4666.81,4738.02,4778.01,4629.03,-,-1.49
26-10-2015,4696.47,4666.81,4706.23,4664.77,-,0.64
27-10-2015,4642.72,4677.12,4677.12,4601.39,-,-1.14
28-10-2015,4756.78,4652.31,4760.11,4642.28,-,2.46
29-10-2015,4729.05,4756.78,4756.78,4702.57,-,-0.58
30-10-2015,4759.79,4729.65,4784.17,4715.89,-,0.65
02-11-2015,4809.18,4763.16,4813.41,4714.29,-,1.04
03-11-2015,4867.4,4810.88,4879.93,4810.87,-,1.21
04-11-2015,4813.34,4862.43,4864.61,4803.65,-,-1.11
05-11-2015,4843.81,4823.37,4848.25,4782.24,-,0.63
06-11-2015,4800.52,4813.93,4813.93,4763.22,-,-0.89
09-11-2015,4701.41,4784.37,4784.37,4688.23,-,-2.06
10-11-2015,4741.51,4690.66,4744.97,4671.41,-,0.85
11-11-2015,4632.38,4740.78,4741.19,4625.53,-,-2.3
12-11-2015,4574.83,4612.36,4633.47,4574.2,-,-1.24
13-11-2015,4392.26,4541.61,4541.61,4386.27,-,-3.99
16-11-2015,4457.8,4378.44,4458.32,4353.09,-,1.49
17-11-2015,4447.25,4457.8,4510.38,4420.92,-,-0.24
18-11-2015,4519.48,4453.31,4522.03,4450.44,-,1.62
19-11-2015,4484.05,4509.52,4523.22,4481.68,-,-0.78
20-11-2015,4580.64,4518.74,4586.4,4517.66,-,2.15
23-11-2015,4619.75,4580.54,4623.59,4568.7,-,0.85
24-11-2015,4661.64,4588.83,4675.63,4582.62,-,0.91
25-11-2015,4727.49,4661.64,4741.12,4661.64,-,1.41
27-11-2015,4721.49,4728.8,4733.58,4693.67,-,-0.13
30-11-2015,4615.63,4725.73,4727.42,4610.92,-,-2.24
01-12-2015,4633.01,4615.7,4647.93,4609.5,-,0.38
02-12-2015,4630.62,4641.78,4672.21,4621.96,-,-0.05
03-12-2015,4554.87,4638.43,4665.94,4531.19,-,-1.64
04-12-2015,4627.35,4560.7,4631.65,4546.15,-,1.59
07-12-2015,4590.6,4611.05,4613.89,4571.54,-,-0.79
08-12-2015,4582.09,4590.6,4603.62,4530.39,-,-0.19
09-12-2015,4567.54,4571.86,4649.19,4537.59,-,-0.32
10-12-2015,4585.23,4567.54,4607.46,4564.89,-,0.39
11-12-2015,4505.12,4585.23,4585.23,4497.5,-,-1.75
14-12-2015,4491.29,4513.36,4548.43,4445.21,-,-0.31
15-12-2015,4519.88,4491.29,4561.59,4491.29,-,0.64
16-12-2015,4593.02,4545.96,4599.87,4532.84,-,1.62
17-12-2015,4497.42,4603.05,4603.05,4497.42,-,-2.08
18-12-2015,4442.81,4486.56,4493.61,4439.41,-,-1.21
21-12-2015,4443.84,4442.81,4468.95,4418.38,-,0.02
22-12-2015,4527.94,4459.71,4538.2,4454.42,-,1.89
23-12-2015,4570.07,4546.35,4582.97,4524.53,-,0.93
24-12-2015,4539.88,4564.04,4567.66,4530.01,-,-0.66
28-12-2015,4521.64,4539.88,4539.88,4492.55,-,-0.4
29-12-2015,4574.56,4545.39,4595.28,4545.39,-,1.17
30-12-2015,4534.94,4574.56,4574.56,4534.28,-,-0.87
31-12-2015,4495.54,4519.81,4531.83,4495.42,-,-0.87
04-01-2016,4468.4,4495.54,4495.54,4408.3,-,-0.6
05-01-2016,4495.41,4479.22,4502.12,4450.52,-,0.6
06-01-2016,4410.83,4455.6,4455.6,4376.53,-,-1.88
07-01-2016,4385.91,4379.51,4448.49,4360.03,-,-0.56
08-01-2016,4256.33,4394.56,4396.81,4250.72,-,-2.95
11-01-2016,4272.85,4270.91,4295.66,4224.89,-,0.39
12-01-2016,4305.97,4272.85,4348.74,4237.7,-,0.78
13-01-2016,4167.9,4313.41,4313.64,4161.35,-,-3.21
14-01-2016,4170.38,4167.9,4212.63,4092.19,-,0.06
15-01-2016,4098.15,4113.13,4115.91,4015.45,-,-1.73
19-01-2016,4059.29,4123.26,4129.37,4015.12,-,-0.95
20-01-2016,4079.94,4022.74,4120.4,3928.61,-,0.51
21-01-2016,4120.84,4079.94,4178.54,4067.96,-,1
22-01-2016,4187.63,4159.29,4210.97,4154.01,-,1.62
25-01-2016,4111.52,4187.63,4187.63,4107.16,-,-1.82
26-01-2016,4202.82,4126.3,4221.64,4122.55,-,2.22
27-01-2016,4153.12,4203.06,4226.59,4129.98,-,-1.18
28-01-2016,4144.3,4180.64,4181.78,4114.33,-,-0.21
29-01-2016,4260.84,4157.93,4260.84,4157.93,-,2.81
01-02-2016,4283.37,4242.69,4300.66,4206.77,-,0.53
02-02-2016,4202.71,4252.36,4267.18,4184.51,-,-1.88
03-02-2016,4176.03,4221.62,4222.57,4097.32,-,-0.63
04-02-2016,4169.93,4175.49,4192.21,4107.9,-,-0.15
05-02-2016,4064.59,4148.64,4149.75,4053.62,-,-2.53
08-02-2016,4016.68,4040.64,4040.64,3957.07,-,-1.18
09-02-2016,3996.63,3986.5,4063.54,3957.77,-,-0.5
10-02-2016,4000.1,4023.64,4062.77,3999.66,-,0.09
11-02-2016,3989.13,3972.07,4009.46,3939.5,-,-0.27
12-02-2016,4076.3,4017.01,4080.11,4001.87,-,2.19
16-02-2016,4238.77,4076.3,4250.77,4076.3,-,3.99
17-02-2016,4330.32,4260.61,4345.98,4260.61,-,2.16
18-02-2016,4321.17,4322.99,4334.5,4264.79,-,-0.21
19-02-2016,4290.15,4296.01,4302.79,4228.09,-,-0.72
22-02-2016,4363.53,4321.09,4376.92,4320.57,-,1.71
23-02-2016,4373.3,4362.03,4398.38,4341.85,-,0.22
24-02-2016,4422.52,4373.3,4428.14,4299.77,-,1.13
25-02-2016,4486.73,4432.45,4486.76,4399.49,-,1.45
26-02-2016,4496.3,4501.48,4508.5,4461.82,-,0.21
29-02-2016,4494.75,4496.3,4541.61,4494.22,-,-0.03
01-03-2016,4562.69,4517.96,4562.71,4489.76,-,1.51
02-03-2016,4584.37,4584.37,4584.37,4584.37,-,0.48
03-03-2016,4622.86,4584.37,4624.58,4554.15,-,0.84
04-03-2016,4645.86,4623.39,4696.62,4620.36,-,0.5
07-03-2016,4672.77,4627.55,4702.55,4626.91,-,0.58
08-03-2016,4639.13,4666.28,4685.98,4636.73,-,-0.72
09-03-2016,4646.97,4656.82,4664.4,4620.4,-,0.17
10-03-2016,4658.44,4665.22,4701.39,4601.3,-,0.25
11-03-2016,4723.8,4694.58,4725.68,4683.29,-,1.4
14-03-2016,4717.53,4724.98,4734.44,4699.08,-,-0.13
15-03-2016,4675.38,4711.98,4716.28,4665.02,-,-0.89
16-03-2016,4694.62,4663.71,4707.2,4650.21,-,0.41
17-03-2016,4739.79,4694.62,4750.93,4670.7,-,0.96
18-03-2016,4774.6,4753.08,4794.52,4751.99,-,0.73
21-03-2016,4756.64,4771.11,4793.1,4744.96,-,-0.38
22-03-2016,4731.05,4756.64,4766.45,4715.68,-,-0.54
23-03-2016,4672.3,4731.05,4731.05,4671.23,-,-1.24
24-03-2016,4699,4673.73,4700.01,4646.5,-,0.57
28-03-2016,4731.9,4710.77,4761.11,4705.57,-,0.7
29-03-2016,4792.95,4726.1,4796.98,4718.37,-,1.29
30-03-2016,4802.36,4792.95,4827.93,4787.29,-,0.2
31-03-2016,4798.26,4803.13,4820.62,4780.88,-,-0.09
01-04-2016,4795.08,4798.26,4798.74,4744.99,-,-0.07
04-04-2016,4730.57,4802.32,4802.32,4727.28,-,-1.35
05-04-2016,4677.79,4704.07,4714.78,4673.56,-,-1.12
06-04-2016,4710.3,4682.36,4721.2,4651.82,-,0.69
07-04-2016,4583.42,4710.3,4710.3,4567.84,-,-2.69
08-04-2016,4554.29,4600.19,4600.19,4533.58,-,-0.64
11-04-2016,4520.84,4554.29,4593.17,4520.31,-,-0.73
12-04-2016,4578.34,4528.26,4587.5,4490.49,-,1.27
13-04-2016,4700.75,4578.47,4705.78,4578.47,-,2.67
14-04-2016,4671.58,4700.75,4701.07,4654.99,-,-0.62
15-04-2016,4708.19,4664.39,4708.92,4664.39,-,0.78
18-04-2016,4728.76,4694.24,4730.83,4684.44,-,0.44
19-04-2016,4711.85,4729.16,4749.32,4702.52,-,-0.36
20-04-2016,4730.5,4709.77,4746.67,4696.68,-,0.4
21-04-2016,4674.63,4730.5,4741.54,4672.18,-,-1.18
22-04-2016,4699.6,4675.16,4705.93,4670.82,-,0.53
25-04-2016,4658.47,4699.63,4699.63,4646.73,-,-0.88
26-04-2016,4726.85,4667.32,4732.91,4662.29,-,1.47
27-04-2016,4752.61,4720.49,4758.27,4710.58,-,0.54
28-04-2016,4652.48,4730.95,4731.53,4645.57,-,-2.11
29-04-2016,4596.4,4658.37,4658.37,4572.01,-,-1.21
02-05-2016,4633.09,4596.4,4636.81,4575.55,-,0.8
03-05-2016,4570.72,4633.09,4633.09,4545.38,-,-1.35
04-05-2016,4551.97,4544.98,4589.5,4531.28,-,-0.41
05-05-2016,4455.35,4539.77,4539.77,4451.6,-,-2.12
06-05-2016,4468.98,4437.42,4469.39,4400.45,-,0.31
09-05-2016,4537.16,4468.98,4560.21,4468.33,-,1.53
10-05-2016,4533.71,4533.64,4542.51,4499.35,-,-0.08
11-05-2016,4334.29,4496.2,4496.2,4333.35,-,-4.4
12-05-2016,4320.38,4334.29,4343.95,4287.23,-,-0.32
13-05-2016,4262.07,4320.38,4350.55,4259.35,-,-1.35
16-05-2016,4288.65,4264.86,4301,4256.8,-,0.62
17-05-2016,4224.4,4277.5,4289.81,4205.18,-,-1.5
18-05-2016,4166.77,4201.77,4201.77,4146.06,-,-1.36
19-05-2016,4213.72,4158.98,4226.84,4158.04,-,1.13
20-05-2016,4273.95,4213.72,4276.52,4209.55,-,1.43
23-05-2016,4242.5,4275.15,4306.73,4241.36,-,-0.74
24-05-2016,4273.09,4252.52,4288.62,4233.52,-,0.72
25-05-2016,4324.09,4274.1,4334.35,4263.17,-,1.19
26-05-2016,4335.02,4324.09,4362.82,4323.88,-,0.25
27-05-2016,4390.67,4343.64,4390.67,4343.64,-,1.28
31-05-2016,4389.89,4397.47,4406.34,4370.1,-,-0.02
01-06-2016,4402.47,4378.75,4406.29,4360,-,0.29
02-06-2016,4452.07,4389.95,4452.14,4389.95,-,1.13
03-06-2016,4422.98,4440.29,4440.29,4392.72,-,-0.65
06-06-2016,4420,4426.56,4430,4395.29,-,-0.07
07-06-2016,4445.69,4409.16,4460.95,4399.96,-,0.58
08-06-2016,4452.55,4451.36,4461.85,4430.42,-,0.15
09-06-2016,4386.96,4441.15,4444.98,4366.19,-,-1.47
10-06-2016,4325.13,4359.46,4359.46,4308.23,-,-1.41
13-06-2016,4270.68,4315.22,4325.56,4266.44,-,-1.26
14-06-2016,4256.24,4256.24,4256.24,4256.24,-,-0.34
15-06-2016,4296.89,4264.35,4353.46,4264.35,-,0.96
16-06-2016,4285.32,4279.01,4292.74,4237.2,-,-0.27
17-06-2016,4308.44,4285.43,4340.56,4282.17,-,0.54
20-06-2016,4351.19,4347.3,4400.62,4347.3,-,0.99
21-06-2016,4324.94,4356.4,4356.4,4307.72,-,-0.6
22-06-2016,4305.37,4324.94,4360.18,4304.18,-,-0.45
23-06-2016,4359.18,4305.7,4375.55,4305.7,-,1.25
24-06-2016,4272.8,4279.39,4292.92,4237.21,-,-1.98
27-06-2016,4171.48,4272.8,4272.8,4105.56,-,-2.37
28-06-2016,4224.39,4205.91,4256.96,4191.34,-,1.27
29-06-2016,4320.68,4263.81,4329.27,4263.81,-,2.28
30-06-2016,4358.86,4329.67,4358.98,4292.92,-,0.88
01-07-2016,4395.27,4361.06,4420.02,4361.06,-,0.84
05-07-2016,4328.06,4379.43,4379.43,4288.9,-,-1.53
06-07-2016,4387.67,4312.45,4392.31,4306.78,-,1.38
07-07-2016,4392.31,4390.03,4421.37,4371.51,-,0.11
08-07-2016,4503.05,4430.43,4509.9,4430.43,-,2.52
11-07-2016,4553.79,4516.81,4558.24,4516.81,-,1.13
12-07-2016,4589.33,4589.33,4589.33,4589.33,-,0.78
13-07-2016,4552.13,4596.48,4601.36,4537.55,-,-0.81
14-07-2016,4559.65,4576.7,4590.45,4559.04,-,0.17
15-07-2016,4537.22,4571.94,4576.56,4537.11,-,-0.49
18-07-2016,4611.58,4547.65,4615.74,4547.65,-,1.64
19-07-2016,4572.21,4595.83,4602.09,4561.74,-,-0.85
20-07-2016,4614.44,4584.98,4619.89,4570.09,-,0.92
21-07-2016,4597.88,4614.44,4638.58,4588.15,-,-0.36
22-07-2016,4615.33,4597.86,4619.92,4573,-,0.38
25-07-2016,4663.46,4625.4,4665.96,4622.29,-,1.04
26-07-2016,4698.37,4668.67,4721.63,4668.67,-,0.75
27-07-2016,4660.69,4704.04,4713.07,4642.9,-,-0.8
28-07-2016,4653.47,4660.34,4662.6,4607.26,-,-0.15
29-07-2016,4681.79,4647.64,4686.9,4625.12,-,0.61
01-08-2016,4666.23,4672.39,4688,4644.33,-,-0.33
02-08-2016,4548.39,4666.41,4666.41,4547.29,-,-2.53
03-08-2016,4592.27,4527.61,4592.28,4474.56,-,0.96
04-08-2016,4577.04,4585.96,4618.04,4565.09,-,-0.33
05-08-2016,4654.62,4606.87,4671.34,4606.87,-,1.69
08-08-2016,4652.59,4659.47,4678.79,4638.93,-,-0.04
09-08-2016,4587.43,4646.4,4646.4,4581.58,-,-1.4
10-08-2016,4589.24,4598.68,4629.26,4583.67,-,0.04
11-08-2016,4689.75,4644,4723.25,4643.39,-,2.19
12-08-2016,4719.5,4683.13,4723.67,4679.56,-,0.63
15-08-2016,4772.65,4729.54,4773.01,4729.54,-,1.13
16-08-2016,4752.01,4762.98,4774.32,4748.04,-,-0.43
17-08-2016,4703.61,4745.22,4745.22,4680.19,-,-1.02
18-08-2016,4746.47,4718,4747.88,4706.85,-,0.91
19-08-2016,4764.59,4746.47,4776.55,4728.88,-,0.38
22-08-2016,4743.21,4760.35,4764.39,4722.17,-,-0.45
23-08-2016,4786.59,4765.3,4806.47,4765.3,-,0.91
24-08-2016,4734.6,4786.59,4786.59,4727.12,-,-1.09
25-08-2016,4706.27,4734.6,4739.34,4693.75,-,-0.6
26-08-2016,4671.41,4708.86,4723.93,4653.3,-,-0.74
29-08-2016,4689.93,4671.41,4697.95,4666.01,-,0.4
30-08-2016,4618.95,4678.69,4678.69,4610.5,-,-1.51
31-08-2016,4610.77,4618.29,4647.87,4588.96,-,-0.18
01-09-2016,4588.94,4613.67,4623.79,4559.99,-,-0.47
02-09-2016,4612.73,4588.94,4630.93,4580.19,-,0.52
06-09-2016,4606.9,4612.73,4618.18,4575.82,-,-0.13
07-09-2016,4635.95,4606.9,4638.21,4577.01,-,0.63
08-09-2016,4608.48,4611.43,4629.97,4607.67,-,-0.59
09-09-2016,4511.64,4581.67,4581.67,4511.64,-,-2.1
12-09-2016,4567.96,4488.97,4574.41,4487.62,-,1.25
13-09-2016,4511.15,4539.78,4558.47,4482.87,-,-1.24
14-09-2016,4508.83,4520.08,4542.02,4485.33,-,-0.05
15-09-2016,4565.3,4501.13,4566.69,4492.67,-,1.25
16-09-2016,4545.2,4554.17,4569.01,4531.05,-,-0.44
19-09-2016,4541.75,4558.99,4576.23,4526.09,-,-0.08
20-09-2016,4488.53,4537.98,4537.98,4484.74,-,-1.17
21-09-2016,4517.04,4499.24,4520.16,4470.6,-,0.64
22-09-2016,4553.56,4537.91,4557.61,4527.1,-,0.81
23-09-2016,4549.28,4543.48,4571.81,4541.48,-,-0.09
26-09-2016,4500.78,4531.68,4534.94,4500.42,-,-1.07
27-09-2016,4526.57,4507.6,4542.78,4506.72,-,0.57
28-09-2016,4500.82,4526.86,4535.3,4476.43,-,-0.57
29-09-2016,4461.38,4500.82,4515.65,4461.04,-,-0.88
30-09-2016,4524.1,4461.38,4535.9,4461.38,-,1.41
03-10-2016,4511.69,4514.18,4526.9,4502.39,-,-0.27
04-10-2016,4508.25,4520.26,4540.99,4496.06,-,-0.08
05-10-2016,4559.98,4508.25,4575.61,4508.25,-,1.15
06-10-2016,4553.86,4547.63,4558.78,4521.34,-,-0.13
07-10-2016,4560.73,4567.17,4588.14,4538.87,-,0.15
10-10-2016,4568.92,4573.56,4598.62,4558.8,-,0.18
11-10-2016,4504.21,4561.49,4562.47,4493.41,-,-1.42
12-10-2016,4533.84,4512.08,4548.71,4506.67,-,0.66
13-10-2016,4485.28,4533.48,4533.48,4451.16,-,-1.07
14-10-2016,4478.08,4499.37,4506.13,4469.58,-,-0.16
17-10-2016,4435.31,4480.58,4480.91,4433.62,-,-0.96
18-10-2016,4437.22,4473.39,4474.27,4436.21,-,0.04
19-10-2016,4478.24,4443.16,4482.62,4428.21,-,0.92
20-10-2016,4451.72,4478.24,4478.24,4443.22,-,-0.59
21-10-2016,4458.41,4428.29,4461.39,4417.18,-,0.15
24-10-2016,4488.35,4458.41,4504.08,4458.41,-,0.67
25-10-2016,4449.76,4469.24,4470.39,4430.05,-,-0.86
26-10-2016,4436.14,4434.48,4472.54,4429.43,-,-0.31
27-10-2016,4349.66,4437.3,4437.96,4337.18,-,-1.95
28-10-2016,4371.18,4337.6,4402.41,4333.11,-,0.49
31-10-2016,4381.23,4376.65,4383.27,4358.22,-,0.23
01-11-2016,4314.47,4381.23,4381.23,4293.12,-,-1.52
02-11-2016,4310.02,4312.25,4350.17,4300.74,-,-0.1
03-11-2016,4260.23,4317.36,4322.26,4255.99,-,-1.16
04-11-2016,4265.52,4259.16,4322.64,4259.16,-,0.12
07-11-2016,4340.04,4312.98,4351.44,4312.98,-,1.75
08-11-2016,4330.87,4333.78,4351.47,4282.91,-,-0.21
09-11-2016,4415.9,4245.71,4420.53,4242.43,-,1.96
10-11-2016,4534.94,4453.59,4583.22,4453.59,-,2.7
11-11-2016,4611.78,4531.29,4616.63,4492.66,-,1.69
14-11-2016,4704.93,4611.78,4756.18,4611.78,-,2.02
15-11-2016,4671.33,4703.36,4712.59,4621.74,-,-0.71
16-11-2016,4696.14,4665.22,4720.05,4663.32,-,0.53
17-11-2016,4743.42,4694.84,4743.73,4685.95,-,1.01
18-11-2016,4698.28,4724.49,4735.42,4669.82,-,-0.95
21-11-2016,4723.55,4698.28,4732.96,4698.28,-,0.54
22-11-2016,4833.71,4749.21,4841.62,4749.21,-,2.33
23-11-2016,4858.32,4817.75,4862.89,4817.39,-,0.51
25-11-2016,4844.97,4873.71,4876.86,4839.17,-,-0.27
28-11-2016,4781.85,4838.47,4844.51,4758.61,-,-1.3
29-11-2016,4771.23,4781.85,4811.45,4764.34,-,-0.22
30-11-2016,4735.83,4771.23,4780.28,4725.35,-,-0.74
01-12-2016,4719.46,4723.49,4766.46,4698.99,-,-0.35
02-12-2016,4726.69,4728.22,4764.52,4723.95,-,0.15
05-12-2016,4786.99,4746.18,4802.51,4742.85,-,1.28
06-12-2016,4834.54,4788.21,4837.49,4770.48,-,0.99
07-12-2016,4918.96,4836.33,4926.15,4834.51,-,1.75
08-12-2016,4990.36,4918.96,5001.68,4918.96,-,1.45
09-12-2016,4969.21,4982.08,4989.13,4948.44,-,-0.42
12-12-2016,4880.34,4969.21,4969.21,4861.63,-,-1.79
13-12-2016,4880.44,4888.44,4915.43,4855.77,-,0
14-12-2016,4823.53,4882.94,4884.74,4818.45,-,-1.17
15-12-2016,4822.44,4825.6,4864.29,4816.46,-,-0.02
16-12-2016,4772.5,4823.43,4836.9,4757.89,-,-1.04
19-12-2016,4789.92,4777.96,4817.96,4777.96,-,0.37
20-12-2016,4856.19,4804.34,4864.89,4804.34,-,1.38
21-12-2016,4816.11,4839.61,4840.59,4815.92,-,-0.83
22-12-2016,4647.29,4816.11,4816.11,4643.14,-,-3.51
23-12-2016,4627.19,4648.67,4674.49,4614.58,-,-0.43
27-12-2016,4662.49,4627.19,4689.12,4627.19,-,0.76
28-12-2016,4613.76,4671.7,4682.35,4602.97,-,-1.05
29-12-2016,4606.63,4621.04,4652.99,4583.46,-,-0.15
30-12-2016,4580.38,4609.48,4618.07,4562.97,-,-0.57
03-01-2017,4601.64,4614.96,4634.46,4565.89,-,0.46
04-01-2017,4687.95,4620.72,4706.38,4620.72,-,1.88
05-01-2017,4580,4620.95,4623.19,4538.82,-,-2.3
06-01-2017,4546.81,4588.99,4592.31,4544.33,-,-0.72
09-01-2017,4554.18,4546.85,4563.54,4535.6,-,0.16
10-01-2017,4601.92,4545.26,4628.27,4543.4,-,1.05
11-01-2017,4579.39,4600.25,4600.25,4540.16,-,-0.49
12-01-2017,4568.95,4579.39,4579.83,4520.05,-,-0.23
13-01-2017,4570,4573.26,4596.16,4562.59,-,0.02
17-01-2017,4605.77,4572.5,4669.19,4572.5,-,0.78
18-01-2017,4596.32,4602.48,4602.48,4545.02,-,-0.21
19-01-2017,4516.34,4588.16,4588.17,4501.57,-,-1.74
20-01-2017,4514.22,4525.54,4549.42,4486.87,-,-0.05
23-01-2017,4475.51,4499.54,4506.36,4466.62,-,-0.86
24-01-2017,4528.03,4486.64,4532.88,4486.4,-,1.17
25-01-2017,4546.58,4549.04,4572.05,4539.76,-,0.41
26-01-2017,4497.02,4554.76,4569.3,4495.63,-,-1.09
27-01-2017,4435.73,4503.89,4506.32,4423.48,-,-1.36
30-01-2017,4442.16,4417.59,4444.99,4383.29,-,0.14
31-01-2017,4485.91,4412.77,4491.27,4390.72,-,0.98
01-02-2017,4438.88,4485.12,4494.33,4430.92,-,-1.05
02-02-2017,4439.26,4430.45,4485.53,4415.19,-,0.01
03-02-2017,4464.06,4447.52,4496.62,4435.09,-,0.56
06-02-2017,4423.92,4454.63,4474.12,4414.5,-,-0.9
07-02-2017,4401.99,4431.43,4442.32,4395.09,-,-0.5
08-02-2017,4458.04,4396.6,4466.76,4388.08,-,1.27
09-02-2017,4534.25,4463.42,4554.21,4461.84,-,1.71
10-02-2017,4567.54,4547.03,4578.47,4522.76,-,0.73
13-02-2017,4517.87,4585.6,4585.87,4515.31,-,-1.09
14-02-2017,4555,4498.33,4561.48,4498.33,-,0.82
15-02-2017,4595.9,4558.63,4602.12,4556.71,-,0.9
16-02-2017,4512.28,4581.03,4587.4,4500.06,-,-1.82
17-02-2017,4544.86,4512.28,4544.89,4495.53,-,0.72
21-02-2017,4595.3,4570.45,4603.94,4565.89,-,1.11
22-02-2017,4583.48,4597.79,4602.58,4567.55,-,-0.26
23-02-2017,4472.86,4581.52,4583.25,4467.25,-,-2.41
24-02-2017,4538.3,4463.65,4581.28,4458.38,-,1.46
27-02-2017,4563.89,4527.81,4567.7,4517.34,-,0.56
28-02-2017,4459.54,4537.7,4537.7,4441.17,-,-2.29
01-03-2017,4457.25,4489.73,4494.69,4407.83,-,-0.05
02-03-2017,4492.92,4459.14,4511.2,4454.4,-,0.8
03-03-2017,4434.18,4494.73,4503.71,4414.23,-,-1.31
06-03-2017,4394.73,4419.58,4421.94,4375.9,-,-0.89
07-03-2017,4344.88,4379.49,4395.06,4342.88,-,-1.13
08-03-2017,4392.54,4343.82,4410.33,4343.82,-,1.1
09-03-2017,4341.08,4392.54,4392.54,4332.01,-,-1.17
10-03-2017,4369.03,4350.24,4394.75,4348.1,-,0.64
13-03-2017,4340.88,4361.02,4370.01,4320.64,-,-0.64
14-03-2017,4345.08,4339.01,4350.99,4304.86,-,0.1
15-03-2017,4379.9,4352.09,4390.78,4331.06,-,0.8
16-03-2017,4401.25,4375.47,4416.15,4367.36,-,0.49
17-03-2017,4412.03,4409.64,4416.08,4378.23,-,0.24
20-03-2017,4341.07,4414.92,4420.23,4329.94,-,-1.61
21-03-2017,4258.19,4357.51,4357.51,4226.39,-,-1.91
22-03-2017,4249.77,4258.19,4258.19,4205.69,-,-0.2
23-03-2017,4280.8,4265.22,4318.3,4255.32,-,0.73
24-03-2017,4262.23,4278.73,4282.31,4240.5,-,-0.43
27-03-2017,4280.91,4227.58,4302.88,4224.84,-,0.44
28-03-2017,4324.9,4271.67,4327.83,4268.13,-,1.03
29-03-2017,4410.97,4324.47,4426.56,4321.19,-,1.99
30-03-2017,4418.15,4398.59,4425.58,4387.74,-,0.16
31-03-2017,4389.74,4414.41,4420.81,4386.71,-,-0.64
03-04-2017,4321.62,4395.13,4395.13,4309.99,-,-1.55
04-04-2017,4282.06,4309.08,4317.45,4267.96,-,-0.92
05-04-2017,4232.33,4299.48,4322.35,4224.12,-,-1.16
06-04-2017,4318.16,4254.78,4340.91,4254.78,-,2.03
07-04-2017,4309.78,4318.16,4329.61,4301.27,-,-0.19
10-04-2017,4364.55,4309.78,4388.59,4309.78,-,1.27
11-04-2017,4403.17,4364.77,4406.64,4344.92,-,0.88
12-04-2017,4362.98,4403.17,4403.17,4358.36,-,-0.91
13-04-2017,4318.4,4361.34,4370.82,4311.57,-,-1.02
17-04-2017,4355.91,4318.4,4356.61,4314.17,-,0.87
18-04-2017,4372.58,4357.8,4377.4,4343.71,-,0.38
19-04-2017,4399.12,4383.54,4441.99,4383.54,-,0.61
20-04-2017,4478.59,4430.52,4505.23,4430.52,-,1.81
21-04-2017,4454.34,4477.45,4477.45,4428.11,-,-0.54
24-04-2017,4473.09,4454.34,4503.7,4453.52,-,0.42
25-04-2017,4472.81,4494.39,4513.09,4453.4,-,-0.01
26-04-2017,4512,4485.52,4541.79,4477.09,-,0.88
27-04-2017,4506.86,4512,4527.63,4483.71,-,-0.11
28-04-2017,4458.67,4503.74,4503.74,4437.11,-,-1.07
01-05-2017,4449.13,4458.67,4474.11,4436.04,-,-0.21
02-05-2017,4486.63,4455.11,4495.63,4433.05,-,0.84
03-05-2017,4463.78,4465.93,4484.53,4439.06,-,-0.51
04-05-2017,4438.95,4477.81,4481.96,4426.19,-,-0.56
05-05-2017,4496.83,4453.48,4497.34,4434.39,-,1.3
08-05-2017,4491.59,4501.58,4512.08,4482.77,-,-0.12
09-05-2017,4536.95,4509.22,4556.76,4508.57,-,1.01
10-05-2017,4569.28,4533.12,4581.34,4531.64,-,0.71
11-05-2017,4453.93,4538.8,4538.8,4426.05,-,-2.52
12-05-2017,4371.02,4429.09,4429.09,4364.74,-,-1.86
15-05-2017,4363.26,4375.92,4410.26,4354.86,-,-0.18
16-05-2017,4328.03,4355.22,4355.22,4303.08,-,-0.81
17-05-2017,4243.13,4291.97,4305.99,4238.77,-,-1.96
18-05-2017,4243.33,4255.59,4272.5,4230.7,-,0
19-05-2017,4242.34,4248.4,4258.6,4209.79,-,-0.02
22-05-2017,4275.73,4249.81,4288.88,4245.24,-,0.79
23-05-2017,4204.87,4279.35,4279.54,4204.26,-,-1.66
24-05-2017,4188.87,4196.66,4200.33,4160.99,-,-0.38
25-05-2017,4230.1,4221.17,4269.04,4221.17,-,0.98
26-05-2017,4232.77,4232.21,4234.18,4198.82,-,0.06
30-05-2017,4222.53,4232.77,4244.27,4216.25,-,-0.24
31-05-2017,4219.57,4230.33,4230.33,4158.54,-,-0.07
01-06-2017,4305.25,4218.31,4311.06,4203.05,-,2.03
02-06-2017,4278.51,4305.59,4312.74,4265.42,-,-0.62
05-06-2017,4271.15,4271.85,4279.76,4241.33,-,-0.17
06-06-2017,4182.74,4271.15,4271.15,4172.1,-,-2.07
07-06-2017,4193.74,4185.47,4201.23,4174.15,-,0.26
08-06-2017,4187.95,4209.93,4230.15,4185.52,-,-0.14
09-06-2017,4243.02,4197.21,4250.02,4181.37,-,1.31
12-06-2017,4258.5,4234.6,4297.63,4234.6,-,0.36
13-06-2017,4261.53,4263.59,4285.31,4225.86,-,0.07
14-06-2017,4257.84,4263.76,4264.17,4218.71,-,-0.09
15-06-2017,4207.76,4220.97,4230.41,4168.17,-,-1.18
16-06-2017,4155.08,4207.76,4207.76,4099.33,-,-1.25
19-06-2017,4167.45,4155.08,4181.15,4118.12,-,0.3
20-06-2017,4081.62,4162.37,4162.37,4081.28,-,-2.06
21-06-2017,4030.35,4074.51,4091.82,4015.93,-,-1.26
22-06-2017,4054.44,4030.35,4077.84,4025.09,-,0.6
23-06-2017,4100.32,4051.37,4102.81,4035.95,-,1.13
26-06-2017,4173.31,4100.32,4180.81,4100.32,-,1.78
27-06-2017,4180.68,4166.98,4224.66,4164.05,-,0.18
28-06-2017,4217.29,4180.68,4242.51,4180.68,-,0.88
29-06-2017,4204.4,4217.29,4243.55,4158.67,-,-0.31
30-06-2017,4226.59,4215.19,4236.65,4188.93,-,0.53
03-07-2017,4256.66,4239.52,4276.29,4239.52,-,0.71
05-07-2017,4189.7,4242.93,4247.53,4173.49,-,-1.57
06-07-2017,4096.86,4161.79,4173.93,4087.34,-,-2.22
07-07-2017,4125.4,4096.86,4133.31,4090.79,-,0.7
10-07-2017,4025.82,4103.51,4103.67,4024.18,-,-2.41
11-07-2017,4023.49,4025.82,4042.84,3998.55,-,-0.06
12-07-2017,4050.56,4023.49,4080.18,4023.49,-,0.67
13-07-2017,4144.46,4071.34,4151.92,4069.8,-,2.32
14-07-2017,4135.93,4144.46,4168.05,4113.81,-,-0.21
17-07-2017,4175.49,4138.93,4193.62,4138.17,-,0.96
18-07-2017,4159.79,4175.49,4177.79,4140.93,-,-0.38
19-07-2017,4203.36,4171.69,4210.49,4170.93,-,1.05
20-07-2017,4207.05,4223.63,4232.69,4204.01,-,0.09
21-07-2017,4189.67,4211.58,4215.91,4168.1,-,-0.41
24-07-2017,4123.78,4166.1,4167.94,4117.54,-,-1.57
25-07-2017,4222.98,4134.46,4237.71,4134.46,-,2.41
26-07-2017,4233.45,4225.12,4250.57,4193.09,-,0.25
27-07-2017,4295.49,4246.06,4296.36,4229.65,-,1.47
28-07-2017,4284.25,4278.02,4290.24,4255.9,-,-0.26
31-07-2017,4266.21,4296.22,4302.56,4219.56,-,-0.42
01-08-2017,4283.96,4275.2,4286.35,4225.79,-,0.42
02-08-2017,4229.2,4283.96,4283.96,4212.44,-,-1.28
03-08-2017,4221.67,4225.16,4276.32,4217.75,-,-0.18
04-08-2017,4264.68,4236.26,4270.65,4228.63,-,1.02
07-08-2017,4287.52,4264.68,4303.63,4252.24,-,0.54
08-08-2017,4264.47,4302.72,4324.81,4252.45,-,-0.54
09-08-2017,4219.33,4208.48,4225.74,4174.15,-,-1.06
10-08-2017,4085.48,4179.71,4179.71,4083.06,-,-3.17
11-08-2017,4112.35,4085.48,4122.92,4062.07,-,0.66
14-08-2017,4112.78,4135.35,4152.45,4108.01,-,0.01
15-08-2017,4003.83,4112.78,4112.78,4003.16,-,-2.65
16-08-2017,4039.48,4041.1,4065.36,4037.37,-,0.89
17-08-2017,3970.84,4012.8,4037.78,3970.35,-,-1.7
18-08-2017,3954.85,3941.68,3965.25,3934.56,-,-0.4
21-08-2017,3930.74,3945.55,3948.3,3909.47,-,-0.61
22-08-2017,3986.7,3949.63,3996.03,3949.63,-,1.42
23-08-2017,3989.79,3986.34,4011.62,3981.79,-,0.08
24-08-2017,4023.98,4074.11,4108.57,4013.81,-,0.86
25-08-2017,4074.46,4030.37,4083,4026.22,-,1.25
28-08-2017,4052.81,4072.7,4073.74,4031.3,-,-0.53
29-08-2017,4029.37,4010.38,4035.1,3999.64,-,-0.58
30-08-2017,4041.71,4028.4,4058.06,4010.31,-,0.31
31-08-2017,4059.66,4047.55,4071.41,4040.45,-,0.44
01-09-2017,4110.44,4068.46,4116.6,4068.46,-,1.25
05-09-2017,4104.45,4103.7,4127.94,4067.08,-,-0.15
06-09-2017,4157.4,4112.06,4162.52,4110.54,-,1.29
07-09-2017,4178.1,4177.43,4187.91,4151.14,-,0.5
08-09-2017,4149.48,4170.21,4172.43,4126.22,-,-0.69
11-09-2017,4175.33,4160.96,4182.76,4155.39,-,0.62
12-09-2017,4234.48,4175.33,4258.88,4175.33,-,1.42
13-09-2017,4283.98,4244.51,4295.74,4244.51,-,1.17
14-09-2017,4245.06,4275.38,4275.38,4235.89,-,-0.91
15-09-2017,4280.98,4245.06,4281.07,4229.27,-,0.85
18-09-2017,4254.28,4286.03,4309.47,4249.14,-,-0.62
19-09-2017,4217.38,4254.28,4265.43,4200.96,-,-0.87
20-09-2017,4209.99,4212.62,4221.86,4183.02,-,-0.18
21-09-2017,4190.28,4216.22,4217.45,4183.35,-,-0.47
22-09-2017,4239.51,4182.48,4242.72,4181.49,-,1.17
25-09-2017,4275.63,4239.51,4296.49,4233.46,-,0.85
26-09-2017,4310.15,4285.08,4317.42,4282.51,-,0.81
27-09-2017,4355.4,4322.9,4363.33,4289.95,-,1.05
28-09-2017,4336.27,4336.26,4351.24,4304.61,-,-0.44
29-09-2017,4342.54,4346.41,4357.03,4334.11,-,0.14
02-10-2017,4340.31,4343.02,4344.54,4299.57,-,-0.05
03-10-2017,4349.94,4344.53,4358.97,4327.6,-,0.22
04-10-2017,4322.49,4349.94,4354.42,4317.83,-,-0.63
05-10-2017,4349.17,4322.49,4354.99,4315.78,-,0.62
06-10-2017,4323.06,4329.68,4347.72,4318.61,-,-0.6
09-10-2017,4242.66,4323.91,4327.36,4240.21,-,-1.86
10-10-2017,4252.48,4260.27,4288.27,4238.64,-,0.23
11-10-2017,4194.82,4252.48,4266.32,4181.92,-,-1.36
12-10-2017,4138.89,4179.65,4179.65,4103.28,-,-1.33
13-10-2017,4153.87,4151.12,4190.59,4132.89,-,0.36
16-10-2017,4129.27,4153.87,4153.87,4109.14,-,-0.59
17-10-2017,4153.85,4131.95,4164.37,4125.82,-,0.6
18-10-2017,4179.53,4165.62,4204.58,4165.55,-,0.62
19-10-2017,4166.2,4179.53,4179.53,4141.26,-,-0.32
20-10-2017,4221.42,4192.59,4227.83,4191.1,-,1.33
23-10-2017,4231.72,4234.87,4279.02,4229.6,-,0.24
24-10-2017,4244.68,4240.39,4257,4223.45,-,0.31
25-10-2017,4215.1,4227.95,4229.18,4160.14,-,-0.7
26-10-2017,4228.54,4215.1,4252.73,4193.91,-,0.32
27-10-2017,4165.76,4176.89,4176.89,4128.18,-,-1.48
30-10-2017,4097.32,4148.96,4148.96,4080.9,-,-1.64
31-10-2017,4102.05,4097.32,4136.98,4096,-,0.12
01-11-2017,4106.24,4115.56,4143.5,4074.81,-,0.1
02-11-2017,4154.29,4116.56,4168.89,4105.36,-,1.17
03-11-2017,4140.04,4152.65,4162.33,4133,-,-0.34
06-11-2017,4141.84,4137.53,4171.43,4131.76,-,0.04
07-11-2017,4044.5,4141.84,4141.84,4032.68,-,-2.35
08-11-2017,4054.78,4035.93,4068.06,4013.47,-,0.25
09-11-2017,4119.63,4038.33,4137.9,4036.18,-,1.6
10-11-2017,4165.17,4119.63,4170.72,4117.96,-,1.11
13-11-2017,4120.5,4156.98,4167.88,4107.88,-,-1.07
14-11-2017,4128.53,4098.31,4136.54,4093.52,-,0.19
15-11-2017,4135.43,4128.53,4165.67,4071.3,-,0.17
16-11-2017,4212.55,4153.32,4224.19,4147.21,-,1.86
17-11-2017,4327.51,4270.78,4332.77,4270.78,-,2.73
20-11-2017,4366.5,4328.13,4366.86,4312.55,-,0.9
21-11-2017,4313.56,4347.49,4347.94,4298.62,-,-1.21
22-11-2017,4321.07,4311.12,4342.65,4304.68,-,0.17
24-11-2017,4305.19,4338.6,4345.04,4302.31,-,-0.37
27-11-2017,4315.28,4320.38,4366.15,4293.55,-,0.23
28-11-2017,4445.48,4323.85,4448.54,4319.94,-,3.02
29-11-2017,4554.15,4457.44,4582.69,4456.69,-,2.44
30-11-2017,4533.48,4577.91,4641.81,4527.07,-,-0.45
01-12-2017,4508.8,4521.91,4538.38,4416.85,-,-0.54
04-12-2017,4613.89,4553.27,4656.76,4553.27,-,2.33
05-12-2017,4566.84,4613.89,4625.08,4558.48,-,-1.02
06-12-2017,4568.34,4566.64,4801.29,4566.24,-,0.03
07-12-2017,4599.28,4596.81,4638.72,4581.84,-,0.68
08-12-2017,4652.6,4599.28,4662.4,4594.5,-,1.16
11-12-2017,4640.64,4656.85,4666.78,4622.22,-,-0.26
12-12-2017,4574.65,4640.83,4658.01,4573.34,-,-1.42
13-12-2017,4621.48,4584.22,4644.91,4583.7,-,1.02
14-12-2017,4532.9,4626.34,4646.34,4507.02,-,-1.92
15-12-2017,4602.27,4532.9,4630.62,4532.9,-,1.53
18-12-2017,4720,4638.12,4726.02,4635.4,-,2.56
19-12-2017,4681.25,4729.83,4732.07,4675.16,-,-0.82
20-12-2017,4697.98,4706.94,4724.82,4680.07,-,0.36
21-12-2017,4716.86,4708.24,4725.76,4686.53,-,0.4
22-12-2017,4726.97,4706.9,4731.93,4688.4,-,0.21
26-12-2017,4782.58,4729.93,4797.91,4729.93,-,1.18
27-12-2017,4728.84,4784.62,4784.62,4721.21,-,-1.12
28-12-2017,4730.04,4727.1,4731.3,4700.07,-,0.03
29-12-2017,4695.73,4730.04,4747.17,4695.24,-,-0.73
02-01-2018,4780.46,4733.55,4790.47,4732.75,-,1.8
03-01-2018,4779.73,4795.95,4813.33,4748.36,-,-0.02
04-01-2018,4749.65,4787.1,4789.93,4665.45,-,-0.63
05-01-2018,4790.96,4759.61,4791.97,4740.26,-,0.87
08-01-2018,4810.6,4790.96,4823.6,4749.72,-,0.41
09-01-2018,4759.82,4810.6,4810.6,4746.24,-,-1.06
10-01-2018,4791.47,4733.71,4803.8,4730.68,-,0.66
11-01-2018,4909.56,4797.97,4916.45,4789.17,-,2.46
12-01-2018,4964.3,4909.56,4991.25,4909.56,-,1.11
16-01-2018,4864.89,4991.51,4996.64,4841.36,-,-2
17-01-2018,4906.1,4864.89,4929.55,4864.89,-,0.85
18-01-2018,4926.34,4906.1,4943.41,4906.1,-,0.41
19-01-2018,5012.77,4940.05,5013.13,4925.5,-,1.75
22-01-2018,5071.77,5021.15,5072.26,5004.53,-,1.18
23-01-2018,5073.66,5072.48,5082.18,5019.88,-,0.04
24-01-2018,5037.53,5085.88,5096.08,4992.87,-,-0.71
25-01-2018,5019.03,5064.59,5066.23,4994.14,-,-0.37
26-01-2018,5070.7,5031.03,5070.7,5000.03,-,1.03
29-01-2018,5060.57,5058.44,5088.94,5038.89,-,-0.2
30-01-2018,4950.18,5004.18,5027.25,4932.48,-,-2.18
31-01-2018,4902.87,4950.18,5003.94,4867.45,-,-0.96
01-02-2018,4852.14,4902.87,4902.87,4824.09,-,-1.03
02-02-2018,4725.46,4820.73,4826.3,4711.37,-,-2.61
05-02-2018,4567.56,4725.46,4754.25,4567.54,-,-3.34
06-02-2018,4701.38,4490.12,4730.72,4457.38,-,2.93
07-02-2018,4748.93,4703.25,4793.07,4692.64,-,1.01
